# auditorium_complex
v 22.916698 -0.000000 -11.854516
v 22.943811 1.050000 -10.808094
v 22.857204 1.050000 -11.854516
v 23.003305 -0.000000 -10.808094
v 22.440639 6.937355 -11.817856
v 22.641520 5.446384 -10.780564
v 22.527412 6.937597 -10.771447
v 22.554747 5.446142 -11.826972
v 22.755962 3.950784 -10.789707
v 22.669189 3.950542 -11.836116
v 22.440639 -6.937355 -11.817856
v 22.641520 -5.446384 -10.780564
v 22.554747 -5.446142 -11.826972
v 22.527412 -6.937597 -10.771447
v 22.755962 -3.950784 -10.789707
v 22.669189 -3.950542 -11.836116
v 22.943811 -1.050000 -10.808094
v 22.857204 -1.050000 -11.854516
v -6.659999 1.330000 -0.000000
v -5.830000 0.000000 -10.010000
v -5.829784 1.340003 -10.012606
v -6.659999 0.000000 -0.000000
v 21.960192 7.709709 -1.000000
v 21.643631 8.390824 -4.260000
v 21.910164 8.410011 -1.000000
v 21.693621 7.690823 -4.260000
v 22.220163 2.340003 -1.000000
v 21.933739 3.034546 -4.260000
v 22.200163 3.040004 -1.000000
v 21.953743 2.334545 -4.260000
v 21.460001 2.328386 -3.960000
v 21.600000 0.000000 -4.260000
v 21.600000 2.329998 -4.260000
v 21.460001 0.000000 -3.960000
v 19.472900 0.000000 -4.063363
v 14.919999 1.824730 -4.240000
v 14.919999 0.000000 -4.240000
v 16.508804 1.824730 -4.178360
v 16.508804 3.034730 -4.178360
v 14.919999 15.027362 -4.240000
v 14.919999 3.034730 -4.240000
v 19.472900 15.736158 -4.063363
v 19.779760 13.594053 -4.047401
v 20.133223 12.872794 -1.000000
v 20.036507 13.628510 -1.000000
v 19.876904 12.838394 -4.042348
v 20.993551 13.724025 -4.260000
v 20.631201 13.685660 -4.003112
v 21.260164 13.760021 -1.000000
v 20.770000 13.699999 -4.260000
v 21.201792 7.647569 -3.973431
v 21.584826 3.030060 -4.260000
v 21.340000 7.659999 -4.260000
v 21.224970 7.198195 -3.972226
v 21.440044 3.028386 -3.961038
v 20.662680 2.318112 -4.001474
v 20.909788 2.323161 -1.000000
v 20.394394 7.577247 -4.015429
v 20.650915 7.595582 -1.000000
v 21.305553 7.652646 -1.000000
v 20.341791 8.314417 -4.018166
v 20.598545 8.332769 -1.000000
v 20.384878 7.710602 -4.015924
v -6.814014 5.248509 -0.200000
v -5.520900 5.875318 -9.483459
v -6.260000 5.890000 -0.200000
v -6.001359 5.270361 -10.002151
v -5.271161 1.974438 -9.456273
v -6.700000 2.560000 -0.000000
v -6.060001 1.960000 -0.000000
v -5.869936 2.580001 -10.010776
v -6.670000 9.800000 -0.400000
v -6.411863 9.226531 -9.966639
v -5.919990 9.905516 -9.560405
v -7.200000 9.110000 -0.400000
v -7.366037 10.334637 -0.400000
v -6.538650 10.410123 -9.955597
v -6.935016 6.464266 -0.200000
v -6.109751 6.409984 -9.992956
v 19.799612 6.894049 -12.716414
v 19.782942 7.903868 -11.396371
v 19.925489 3.621908 -12.723336
v 19.838539 6.348166 -12.719453
v 19.909119 4.194206 -12.722719
v 21.210646 6.440729 -12.863811
v 21.349957 4.252820 -12.874233
v 22.329988 7.119534 -12.982738
v 21.167524 7.050741 -12.860456
v 21.365351 3.714258 -12.874813
v 22.586124 3.772210 -13.003202
v -6.803667 5.035526 -0.200000
v -6.820001 5.030000 -0.000000
v 20.066965 2.992591 -10.925050
v 20.042580 2.643003 -11.426378
v 20.087030 2.292593 -10.925168
v 19.980650 1.693329 -12.725416
v 19.998158 1.081235 -12.726076
v 21.368767 3.022424 -11.027213
v 21.383055 2.678407 -11.530704
v 21.388767 2.322424 -11.026883
v 21.422697 1.708134 -12.876973
v 21.440416 1.088286 -12.877641
v 22.780643 2.715319 -11.639475
v 22.368967 8.111184 -11.591867
v 21.103027 8.009696 -11.496165
v 21.129725 7.648551 -11.015529
v 19.829370 7.549241 -10.896293
v 19.073484 14.139626 -12.654076
v 19.219999 13.490000 -10.860000
v 19.008080 14.649930 -12.648187
v 19.246931 13.143465 -11.361928
v 19.309999 12.790000 -10.860000
v 19.343084 12.036109 -12.678352
v 19.402569 11.571989 -12.683708
v 20.433983 13.646446 -10.962754
v 20.277250 14.830767 -12.781898
v 20.523552 12.946388 -10.967898
v 20.674988 11.721831 -12.817701
v 20.441219 2.300814 -6.740000
v 20.421144 3.000812 -6.740000
v 20.344301 14.306657 -12.787934
v 20.476713 13.301688 -11.449960
v 20.617409 12.171901 -12.812518
v 21.024124 9.079331 -12.849296
v 22.139612 9.194969 -12.966733
v 21.803669 13.472413 -11.544947
v 21.536537 14.490607 -12.913568
v 21.813204 12.291560 -12.938401
v 22.723484 1.716843 -13.013675
v 22.815138 -0.000000 -13.019998
v 22.820194 -0.000000 -13.020529
v 19.661694 12.837877 -6.740000
v 19.571693 13.537876 -6.740000
v 20.884457 12.995520 -6.740000
v 21.731592 3.030845 -6.740000
v 21.751564 2.330844 -6.740000
v 21.491602 7.676605 -6.740000
v 21.080248 8.348589 -11.007997
v 21.441488 8.376594 -6.740000
v 20.181156 7.576512 -6.740000
v 20.794447 13.695518 -6.740000
v 19.657143 8.891854 -12.705294
v -6.970001 6.950000 -0.400000
v -6.986148 6.944472 -0.200000
v -7.528948 11.532507 -0.400000
v -6.684196 11.471776 -9.942348
v -6.710000 11.660001 -9.940000
v 20.990824 9.550385 -12.846704
v 19.618906 9.428036 -12.702310
v 19.779268 8.249234 -10.896646
v 20.131084 8.276508 -6.740000
v 20.642590 3.018111 -4.002519
v 20.724466 12.968715 -3.998260
v 21.152699 8.362217 -3.975985
v 20.443462 15.887256 -4.012877
v 20.576380 15.907948 -4.260000
v 21.544977 3.031582 -1.000000
v 20.889790 3.023161 -1.000000
v 21.290001 8.369999 -4.260000
v 21.254354 8.371390 -1.000000
v -2.340001 11.080000 -1.520000
v -2.830000 10.910000 -1.520000
v -2.450000 9.780000 -1.520000
v -1.940000 9.950000 -1.520000
v 0.750636 12.821474 -1.520000
v -2.758319 12.275199 -1.520000
v -1.800001 9.530000 -1.520000
v 1.113118 10.571046 -1.520000
v -6.709905 11.660016 -9.939976
v 20.741693 12.966408 -1.000000
v 21.083508 13.024384 -4.260000
v 21.350164 13.060021 -1.000000
v 20.849806 12.988430 -4.260001
v 12.132480 14.593401 -4.240000
v 12.489465 12.376979 -4.240000
v 21.308310 16.021894 -12.892536
v 14.690000 1.400000 -4.240000
v 14.690000 0.000000 -4.240000
v 13.879505 12.608223 -4.240000
v 14.209999 9.830001 -4.240000
v 14.450000 7.020000 -4.240000
v 14.610000 4.210000 -4.240000
v 23.550001 0.000000 -4.260000
v 23.170000 1.180000 -4.260000
v 22.250000 14.010000 -4.260000
v 22.619999 10.810000 -4.260000
v 22.910000 7.610000 -4.260000
v 23.090000 4.400000 -4.260000
v 23.550001 1.180000 -4.260000
v 24.781164 16.562550 -4.260000
v 22.740000 14.070000 -4.260000
v 23.189999 10.200000 -4.260000
v 23.240000 9.520000 -4.260000
v 25.820000 9.920000 -4.260000
v 20.443462 -15.887256 -4.012877
v 19.779760 -13.594053 -4.047401
v 19.472900 -15.736158 -4.063363
v 20.631201 -13.685660 -4.003112
v 20.724466 -12.968715 -3.998260
v 20.341791 -8.314417 -4.018166
v 19.876904 -12.838394 -4.042348
v 21.152699 -8.362217 -3.975985
v 21.201792 -7.647569 -3.973431
v 20.642590 -3.018111 -4.002519
v 20.394394 -7.577247 -4.015429
v 21.224970 -7.198195 -3.972226
v 21.440044 -3.028386 -3.961038
v 20.662680 -2.318112 -4.001474
v 20.384878 -7.710602 -4.015924
v 21.460001 -2.328386 -3.960000
v 20.770000 -13.699999 -4.260000
v 20.576380 -15.907948 -4.260000
v 21.544977 -3.031582 -1.000000
v 20.889790 -3.023161 -1.000000
v 22.200163 -3.040004 -1.000000
v 21.933739 -3.034546 -4.260000
v 21.584826 -3.030060 -4.260000
v 20.909788 -2.323161 -1.000000
v 21.254354 -8.371390 -1.000000
v 20.598545 -8.332769 -1.000000
v 21.910164 -8.410011 -1.000000
v 21.643631 -8.390824 -4.260000
v 21.290001 -8.369999 -4.260000
v -2.340001 -11.080000 -1.520000
v -2.450000 -9.780000 -1.520000
v -2.830000 -10.910000 -1.520000
v -1.940000 -9.950000 -1.520000
v 0.750636 -12.821474 -1.520000
v -2.758319 -12.275199 -1.520000
v -1.800001 -9.530000 -1.520000
v 1.113118 -10.571046 -1.520000
v -6.684196 -11.471776 -9.942348
v -6.710000 -11.660001 -9.940000
v -6.709905 -11.660016 -9.939976
v 20.133223 -12.872794 -1.000000
v 21.083508 -13.024384 -4.260000
v 20.741693 -12.966408 -1.000000
v 21.350164 -13.060021 -1.000000
v 20.849806 -12.988430 -4.260001
v 12.132480 -14.593401 -4.240000
v 12.489465 -12.376979 -4.240000
v 20.993551 -13.724025 -4.260000
v 21.260164 -13.760021 -1.000000
v 19.571693 -13.537876 -6.740000
v 20.433983 -13.646446 -10.962754
v 20.794447 -13.695518 -6.740000
v 19.219999 -13.490000 -10.860000
v 19.618906 -9.428036 -12.702310
v 21.080248 -8.348589 -11.007997
v 19.779268 -8.249234 -10.896646
v 20.990824 -9.550385 -12.846704
v 19.799612 -6.894049 -12.716414
v 19.829370 -7.549241 -10.896293
v 19.838539 -6.348166 -12.719453
v 19.782942 -7.903868 -11.396371
v 19.657143 -8.891854 -12.705294
v 21.308310 -16.021894 -12.892536
v -6.538650 -10.410123 -9.955597
v 19.008080 -14.649930 -12.648187
v 20.277250 -14.830767 -12.781898
v 20.344301 -14.306657 -12.787934
v 21.536537 -14.490607 -12.913568
v 19.073484 -14.139626 -12.654076
v 21.129725 -7.648551 -11.015529
v 21.210646 -6.440729 -12.863811
v 22.368967 -8.111184 -11.591867
v 21.167524 -7.050741 -12.860456
v 21.103027 -8.009696 -11.496165
v 22.329988 -7.119534 -12.982738
v 21.365351 -3.714258 -12.874813
v 22.780643 -2.715319 -11.639475
v 21.383055 -2.678407 -11.530704
v 22.586124 -3.772210 -13.003202
v 21.388767 -2.322424 -11.026883
v 21.422697 -1.708134 -12.876973
v 21.440416 -1.088286 -12.877641
v 21.368767 -3.022424 -11.027213
v 21.349957 -4.252820 -12.874233
v 19.909119 -4.194206 -12.722719
v 20.066965 -2.992591 -10.925050
v 19.925489 -3.621908 -12.723336
v -5.271161 -1.974438 -9.456273
v -5.869936 -2.580001 -10.010776
v 19.980650 -1.693329 -12.725416
v 20.087030 -2.292593 -10.925168
v 19.998158 -1.081235 -12.726076
v 20.042580 -2.643003 -11.426378
v -6.820001 -5.030000 -0.000000
v -6.700000 -2.560000 -0.000000
v -6.001359 -5.270361 -10.002151
v -6.803667 -5.035526 -0.200000
v -6.814014 -5.248509 -0.200000
v -5.520900 -5.875318 -9.483459
v -6.109751 -6.409984 -9.992956
v -6.260000 -5.890000 -0.200000
v -6.935016 -6.464266 -0.200000
v -6.670000 -9.800000 -0.400000
v -7.366037 -10.334637 -0.400000
v -5.919990 -9.905516 -9.560405
v -6.411863 -9.226531 -9.966639
v -7.200000 -9.110000 -0.400000
v -6.060001 -1.960000 -0.000000
v -5.829784 -1.340003 -10.012606
v -6.659999 -1.330000 -0.000000
v 21.693621 -7.690823 -4.260000
v 21.305553 -7.652646 -1.000000
v 21.960192 -7.709709 -1.000000
v 20.650915 -7.595582 -1.000000
v 21.340000 -7.659999 -4.260000
v 21.953743 -2.334545 -4.260000
v 22.220163 -2.340003 -1.000000
v 21.600000 -2.329998 -4.260000
v 14.919999 -15.027362 -4.240000
v 14.450000 -7.020000 -4.240000
v 14.209999 -9.830001 -4.240000
v 13.879505 -12.608223 -4.240000
v 14.690000 -1.400000 -4.240000
v 14.919999 -1.824730 -4.240000
v 14.919999 -3.034730 -4.240000
v 16.508804 -3.034730 -4.178360
v 16.508804 -1.824730 -4.178360
v 20.036507 -13.628510 -1.000000
v 24.781164 -16.562550 -4.260000
v 22.250000 -14.010000 -4.260000
v 22.740000 -14.070000 -4.260000
v 23.189999 -10.200000 -4.260000
v 23.240000 -9.520000 -4.260000
v 25.820000 -9.920000 -4.260000
v 23.170000 -1.180000 -4.260000
v 22.619999 -10.810000 -4.260000
v 22.910000 -7.610000 -4.260000
v 23.090000 -4.400000 -4.260000
v 23.550001 -1.180000 -4.260000
v 14.610000 -4.210000 -4.240000
v 19.343084 -12.036109 -12.678352
v 19.309999 -12.790000 -10.860000
v 19.402569 -11.571989 -12.683708
v 19.246931 -13.143465 -11.361928
v 20.523552 -12.946388 -10.967898
v 20.674988 -11.721831 -12.817701
v 20.441219 -2.300814 -6.740000
v 20.421144 -3.000812 -6.740000
v 20.617409 -12.171901 -12.812518
v 20.476713 -13.301688 -11.449960
v 21.024124 -9.079331 -12.849296
v 22.139612 -9.194969 -12.966733
v 21.803669 -13.472413 -11.544947
v 21.813204 -12.291560 -12.938401
v 22.723484 -1.716843 -13.013675
v 19.661694 -12.837877 -6.740000
v 20.884457 -12.995520 -6.740000
v 21.731592 -3.030845 -6.740000
v 21.751564 -2.330844 -6.740000
v 21.491602 -7.676605 -6.740000
v 21.441488 -8.376594 -6.740000
v 20.181156 -7.576512 -6.740000
v -6.970001 -6.950000 -0.400000
v -6.986148 -6.944472 -0.200000
v -7.528948 -11.532507 -0.400000
v 20.131084 -8.276508 -6.740000
v 0.313003 9.270000 0.949998
v 0.002364 9.270000 1.099998
v 0.313003 9.270000 1.099998
v 0.623642 9.270000 0.799998
v 0.623642 9.270000 0.949998
v 0.759284 9.270000 -0.000002
v 0.759284 9.270000 0.799998
v -1.010000 9.270000 -0.000000
v 0.002364 9.270000 1.249999
v -3.710001 9.270000 -0.400000
v -3.710000 9.270000 1.250000
v -1.800001 9.270000 -0.200000
v -1.010000 9.270000 -0.200000
v -1.800001 9.270000 -0.400000
v -4.910000 8.870000 1.250000
v -4.909999 8.870000 -0.400000
v -5.489999 10.570000 -0.400000
v -5.490000 10.570000 1.250000
v -5.319473 10.070179 -0.170287
v -5.319480 10.070199 -0.400000
v -4.934514 8.941851 -0.172975
v -4.934514 8.941851 -0.400000
v 21.619999 0.000000 -6.740001
v 21.619999 2.200000 -7.640001
v 21.619999 2.200000 -6.740001
v 21.619999 0.000000 -7.640001
v 19.789999 2.200000 -7.640001
v 21.430000 1.800000 -7.640001
v 19.789999 1.800000 -7.640001
v 21.430000 0.000000 -7.640001
v 17.570000 2.200000 -6.800000
v 17.969999 0.000000 -6.800001
v 17.570000 0.000000 -6.800000
v 17.969999 1.800000 -6.800001
v 17.969999 2.200000 -6.800001
v 17.570000 2.200000 -5.850000
v 17.570000 0.000000 -5.850000
v 17.969999 1.800000 -5.650000
v 17.969999 0.000000 -5.650000
v 21.430000 0.000000 -5.650000
v 21.430000 1.800000 -5.650000
v 15.629999 5.200000 -4.809999
v 15.699999 3.900000 -4.659999
v 15.629999 5.200000 -4.659999
v 15.699999 3.900000 -4.809999
v -1.940000 9.950000 -1.750000
v -2.450004 9.780011 -1.600000
v -2.450000 9.780000 -1.750000
v 19.369999 2.200000 -6.740001
v 18.469999 2.200000 -6.290000
v 19.369999 2.200000 -6.290000
v 18.469999 2.200000 -5.849999
v 16.529999 5.270000 -5.250000
v 16.600000 3.900000 -5.110000
v 16.529999 5.270000 -5.109999
v 16.600000 3.900000 -5.250000
v 0.766840 9.170286 0.799998
v 0.766840 9.170286 0.099998
v 1.292865 2.228119 0.739998
v 1.274774 2.466865 0.579998
v 1.274774 2.466865 0.739998
v 1.283820 2.347492 0.640000
v 1.301910 2.108746 0.640000
v 1.292865 2.228119 0.800000
v 1.301910 2.108746 0.800000
v 1.256684 2.705612 0.419998
v 1.256684 2.705612 0.579998
v 1.265729 2.586239 0.480000
v 1.283820 2.347492 0.480000
v 1.238594 2.944358 0.259998
v 1.238594 2.944358 0.419998
v 1.247639 2.824985 0.320000
v 1.265729 2.586239 0.320000
v 1.221993 3.163445 0.099998
v 1.221993 3.163445 0.259998
v 1.229548 3.063731 0.160000
v 1.247639 2.824985 0.160000
v 1.229548 3.063731 0.000000
v 0.567411 9.155175 0.799998
v 1.022564 3.148334 0.099998
v 0.567411 9.155175 0.099998
v 1.022564 3.148334 0.259998
v 1.039165 2.929247 0.419998
v 1.075346 2.451754 0.739998
v 1.093436 2.213008 0.800000
v 1.057256 2.690500 0.579998
v 1.093436 2.213008 0.739998
v 1.075346 2.451754 0.579998
v 1.057256 2.690500 0.419998
v 1.039165 2.929247 0.259998
v -2.830004 10.910012 -1.599546
v -2.340001 11.080000 -1.750000
v -2.830000 10.910000 -1.750000
v -2.270504 11.072361 1.085000
v -2.270504 11.072361 1.250000
v -2.567043 11.026093 1.085000
v -2.863582 10.979823 0.920000
v -3.160121 10.933554 0.755000
v -3.456660 10.887284 0.590000
v -3.753199 10.841015 0.425000
v -4.049738 10.794746 0.260000
v -4.346277 10.748477 0.095000
v -4.642817 10.702208 -0.070000
v -4.939355 10.655938 -0.235000
v -4.939355 10.655938 -0.400000
v -4.642817 10.702208 -0.235000
v -4.346277 10.748477 -0.070000
v -4.049738 10.794746 0.095000
v -3.753199 10.841015 0.260000
v -3.456660 10.887284 0.425000
v -3.160121 10.933554 0.590000
v -2.863582 10.979823 0.755000
v -2.567043 11.026093 0.920000
v 1.111848 12.877707 0.950000
v 1.111848 12.877707 0.799999
v 0.750636 12.821474 -1.960002
v 0.920746 11.765368 -1.855001
v 0.750636 12.821474 -1.854999
v 0.920746 11.765368 -1.960002
v 12.126344 14.592445 -4.509999
v 12.293713 13.553306 -4.403750
v 12.126344 14.592445 -4.403749
v 12.461082 12.514165 -4.510000
v 12.293713 13.553306 -4.297500
v 12.461082 12.514165 -4.297500
v 11.178369 14.444864 -4.297500
v 11.345965 13.404310 -4.191250
v 11.178369 14.444864 -4.191250
v 11.345738 13.405725 -4.297500
v 11.513563 12.363756 -4.297500
v 11.345965 13.404310 -4.085000
v 11.513563 12.363756 -4.085001
v 10.704381 14.371074 -4.085000
v 10.398792 13.251754 -4.085000
v 10.230392 14.297283 -4.085000
v 10.872378 13.328032 -4.085000
v 10.398792 13.251754 -3.978750
v 10.230392 14.297283 -3.978750
v 9.282417 14.149703 -3.872500
v 9.450471 13.106321 -3.766250
v 9.282417 14.149703 -3.766250
v 9.451619 13.099196 -3.872500
v 9.450471 13.106321 -3.660001
v 9.618526 12.062940 -3.660001
v 9.618526 12.062940 -3.872501
v 8.808430 14.075912 -3.660000
v 8.503298 12.953763 -3.660001
v 8.334441 14.002122 -3.660000
v 8.971388 13.029157 -3.660001
v 8.502724 12.957326 -3.553751
v 8.334441 14.002122 -3.553751
v 8.502724 12.957326 -3.447501
v 8.671006 11.912531 -3.447501
v 8.671006 11.912531 -3.660001
v 7.386466 13.854541 -3.447500
v 7.554976 12.808331 -3.341251
v 7.386466 13.854541 -3.341251
v 7.554749 12.809746 -3.447501
v 7.723487 11.762122 -3.447501
v 7.554976 12.808331 -3.235001
v 7.723487 11.762122 -3.235001
v 6.438490 13.706960 -3.235001
v 6.607229 12.659337 -3.128751
v 6.438490 13.706960 -3.128751
v 6.607803 12.655772 -3.235001
v 6.607229 12.659337 -3.022501
v 6.775969 11.611713 -3.022501
v 6.775969 11.611713 -3.235001
v 5.490514 13.559379 -3.022501
v 5.660057 12.506777 -2.916251
v 5.490514 13.559379 -2.916251
v 5.660057 12.506777 -3.022501
v 4.542539 13.411798 -2.810001
v 4.711735 12.361347 -2.703752
v 4.542539 13.411798 -2.703751
v 4.712883 12.354217 -2.810001
v 4.711735 12.361347 -2.597502
v 4.880931 11.310897 -2.597502
v 4.880931 11.310897 -2.810002
v 3.594563 13.264216 -2.597502
v 3.763988 12.212353 -2.491252
v 3.594563 13.264216 -2.491252
v 3.764562 12.208786 -2.597502
v 3.763988 12.212353 -2.385002
v 3.933412 11.160488 -2.385002
v 3.933412 11.160488 -2.597502
v 2.646587 13.116635 -2.385002
v 2.816240 12.063357 -2.278752
v 2.646587 13.116635 -2.278752
v 2.816815 12.059791 -2.385002
v 2.816240 12.063357 -2.172502
v 2.985893 11.010079 -2.172502
v 2.985893 11.010079 -2.385002
v 1.869068 11.910795 -2.172502
v 1.698612 12.969055 -2.066252
v 1.698612 12.969055 -2.172502
v 1.868493 11.914363 -2.066252
v 1.868493 11.914363 -1.960002
v 2.038374 10.859672 -1.960002
v 2.038374 10.859672 -2.172502
v 11.652356 14.518655 -4.297500
v 11.814262 13.478664 -4.297500
v 11.814262 13.478664 -4.403750
v 11.652356 14.518655 -4.403749
v 10.872378 13.328032 -4.191250
v 10.704381 14.371074 -4.191250
v 7.860454 13.928331 -3.447500
v 8.023241 12.882680 -3.447501
v 6.912478 13.780750 -3.235001
v 7.075878 12.731164 -3.235001
v 5.964502 13.633169 -3.022501
v 6.128122 12.582168 -3.022501
v 4.068551 13.338007 -2.597502
v 4.232612 12.284175 -2.597502
v 2.172600 13.042845 -2.172502
v 2.337101 11.986182 -2.172502
v 1.224624 12.895265 -1.960002
v 1.389346 11.837186 -1.960002
v 3.120575 13.190426 -2.385002
v 3.284856 12.135179 -2.385002
v 8.971388 13.029157 -3.766250
v 8.808430 14.075912 -3.766250
v 8.023241 12.882680 -3.553751
v 7.860454 13.928331 -3.553751
v 7.075878 12.731164 -3.341251
v 6.912478 13.780750 -3.341251
v 6.128122 12.582168 -3.128751
v 5.964502 13.633169 -3.128751
v 4.232612 12.284175 -2.703752
v 4.068551 13.338007 -2.703751
v 3.284856 12.135179 -2.491252
v 3.120575 13.190426 -2.491252
v 2.337101 11.986182 -2.278752
v 2.172600 13.042845 -2.278752
v 1.389346 11.837186 -2.066252
v 1.224624 12.895265 -2.066252
v 17.907953 15.492527 -6.294285
v 17.800732 14.231025 -6.294285
v 17.611525 15.446380 -6.294285
v 18.097160 14.277171 -6.294285
v 18.097160 14.277171 -6.444285
v 18.393591 14.323318 -6.294285
v 18.393591 14.323318 -6.444285
v 17.611525 15.446380 -6.144285
v 17.504301 14.184878 -6.144285
v 17.315096 15.400231 -6.144285
v 17.800732 14.231025 -6.144285
v 17.504301 14.184878 -6.294285
v 18.393591 14.323318 -6.592143
v 18.204384 15.538675 -6.444285
v 18.204384 15.538675 -6.592143
v 18.699902 14.371001 -6.740000
v 18.699902 14.371001 -6.592143
v 18.393591 14.323318 -6.740001
v 18.510695 15.586362 -6.592143
v 18.510695 15.586362 -6.740000
v 17.907963 15.492529 -6.444285
v 19.599586 3.945728 -6.740000
v 19.517113 5.516675 -6.740000
v 21.809999 16.099998 -6.740000
v 19.049999 8.300000 -6.740001
v 19.217525 5.500947 -6.740001
v 19.369999 2.750000 -6.740001
v 21.642841 0.000000 -6.740000
v 23.340000 -0.000000 -6.740000
v 22.199375 13.507425 -6.740000
v 22.769020 8.141998 -6.740000
v 22.928955 6.065644 -6.740000
v 23.077177 4.141345 -6.740000
v 23.183722 2.758145 -6.740000
v 19.299999 3.930000 -6.740001
v 18.579967 13.093755 -6.740000
v 17.504301 14.184878 -5.996428
v 17.315096 15.400231 -5.996428
v 17.207872 14.138733 -5.996428
v 17.018665 15.354083 -5.996428
v 17.018665 15.354083 -5.848571
v 16.911442 14.092587 -5.848571
v 16.722237 15.307935 -5.848571
v 17.207872 14.138733 -5.848571
v 17.504301 14.184878 -5.848571
v 16.911442 14.092587 -5.698571
v 16.615013 14.046440 -5.848571
v 16.615013 14.046440 -5.698571
v 16.722237 15.307935 -5.698571
v 16.425808 15.261786 -5.698571
v 16.022154 13.954148 -5.402857
v 15.725724 13.908002 -5.250714
v 16.022154 13.954148 -5.250714
v 15.725724 13.908002 -5.402857
v 16.425808 15.261786 -5.550714
v 16.318583 14.000294 -5.550714
v 16.129387 15.215640 -5.550714
v 16.615013 14.046440 -5.550714
v 15.832949 15.169490 -5.250714
v 15.536519 15.123343 -5.250714
v 16.129387 15.215640 -5.402857
v 15.832949 15.169490 -5.402857
v 16.318583 14.000294 -5.402857
v 16.615013 14.046440 -5.402857
v 15.536519 15.123343 -5.103928
v 15.725724 13.908002 -5.103928
v 15.429295 13.861856 -5.105000
v 15.240089 15.077194 -5.105000
v 15.239568 15.077113 -4.957142
v 15.428772 13.861774 -4.957142
v 15.725724 13.908002 -4.957142
v 15.132604 13.815669 -4.957142
v 14.943408 15.031007 -4.957142
v 14.943408 15.031007 -4.807142
v 15.132604 13.815669 -4.807142
v 14.836435 13.769564 -4.807142
v 14.836435 13.769564 -4.957142
v 14.646978 14.984859 -4.807142
v 14.836435 13.769564 -4.658571
v 14.646978 14.984859 -4.658571
v 14.647231 14.984898 -4.807142
v 14.350550 14.938710 -4.657142
v 14.646978 14.984859 -4.657142
v 14.350550 14.938710 -4.658571
v 14.540015 13.723353 -4.657142
v 14.350550 14.938710 -4.509999
v 14.540015 13.723353 -4.509999
v 14.836435 13.769564 -4.509999
v 18.100000 3.920000 -6.000000
v 18.400000 3.920000 -5.849999
v 18.100000 3.920000 -5.849999
v 18.400000 3.920000 -6.000000
v 17.800001 3.920000 -5.849999
v 17.500000 3.920000 -5.700000
v 17.800001 3.920000 -5.700000
v 17.500000 3.920000 -5.849999
v 17.129999 5.323333 -5.399999
v 16.900002 3.906667 -5.399999
v 16.830000 5.296667 -5.399999
v 17.200001 3.913333 -5.399999
v 17.429998 5.350000 -5.549999
v 17.200001 3.913333 -5.549999
v 17.129999 5.323333 -5.549999
v 17.500000 3.920000 -5.549999
v 17.500000 3.920000 -5.399999
v 17.429998 5.350000 -5.399999
v 16.830000 5.296667 -5.250000
v 16.900002 3.906667 -5.250000
v 16.529999 5.270000 -5.399999
v 16.600000 3.900000 -5.399999
v 18.700001 3.923333 -6.290000
v 18.400000 3.920000 -6.140000
v 18.700001 3.923333 -6.140000
v 18.400000 3.920000 -6.290000
v 19.000000 3.926666 -6.440000
v 19.299999 3.930000 -6.290000
v 19.000000 3.926667 -6.290000
v 19.299999 3.930000 -6.440000
v 16.230000 5.246666 -4.960000
v 16.000000 3.900000 -4.960000
v 15.929999 5.223333 -4.960000
v 16.300001 3.900000 -4.960000
v 16.300001 3.900000 -5.110000
v 16.230000 5.246666 -5.109999
v 16.600000 3.900000 -4.960000
v 16.529999 5.270000 -4.960000
v 15.929999 5.223333 -4.809999
v 16.000000 3.900000 -4.809999
v 15.629999 5.200000 -4.960000
v 15.699999 3.900000 -4.960000
v 18.923361 5.476106 -6.290000
v 18.626776 5.451061 -6.290000
v 18.030125 5.400677 -5.850000
v 17.730062 5.375339 -5.850000
v 18.327116 5.425756 -6.000000
v 18.327116 5.425756 -5.850000
v 18.030125 5.400677 -6.000000
v 18.626776 5.451061 -6.144587
v 18.626776 5.451061 -6.140001
v 17.730062 5.375339 -5.700000
v 17.429998 5.350000 -5.700000
v 19.299999 3.930000 -6.590000
v 19.599586 3.945728 -6.590000
v 19.517113 5.516675 -6.590001
v 19.217525 5.500947 -6.590001
v 19.217525 5.500947 -6.290000
v 18.923361 5.476106 -6.440001
v 19.217525 5.500947 -6.440001
v 18.327116 5.425756 -6.290000
v 18.608143 5.449488 -6.140001
v 18.327116 5.425756 -6.140001
v 17.429998 5.350000 -5.850000
v 15.400434 3.883869 -4.659999
v 15.330434 5.183869 -4.659999
v 15.400434 3.883869 -4.509999
v 15.330434 5.183869 -4.509999
v 15.629999 5.200000 -4.509999
v 15.699999 3.900000 -4.509999
v 13.999999 12.770000 -4.510000
v 14.329999 9.860000 -4.510000
v 14.570000 7.050001 -4.510000
v 14.739999 4.230000 -4.510000
v 14.820000 1.410000 -4.510000
v 15.469999 7.990000 -4.509999
v 15.016296 12.588034 -4.509999
v 15.769999 -0.000000 -4.509999
v 14.820000 -0.000000 -4.510000
v 15.769999 2.750000 -4.509999
v 21.620848 0.000000 -6.740000
v -2.172035 12.366472 1.250000
v -2.468590 12.320304 1.250000
v 0.021307 12.839498 1.250000
v -2.192032 12.494925 1.250000
v 0.041304 12.711044 1.250000
v 0.477200 12.778905 1.250000
v 0.794524 12.828306 1.100000
v 0.794524 12.828306 0.950000
v 0.477200 12.778905 1.100000
v 8.971388 -13.029157 -3.766250
v 9.282417 -14.149703 -3.766250
v 8.808430 -14.075912 -3.766250
v 9.450471 -13.106321 -3.766250
v 8.971388 -13.029157 -3.660001
v 9.450471 -13.106321 -3.660001
v 8.808430 -14.075912 -3.660000
v 8.023241 -12.882680 -3.553751
v 8.334441 -14.002122 -3.553751
v 7.860454 -13.928331 -3.553751
v 8.502724 -12.957326 -3.553751
v 8.502724 -12.957326 -3.447501
v 8.023241 -12.882680 -3.447501
v 7.860454 -13.928331 -3.447500
v 7.075878 -12.731164 -3.341251
v 7.386466 -13.854541 -3.341251
v 6.912478 -13.780750 -3.341251
v 7.554976 -12.808331 -3.341251
v 7.075878 -12.731164 -3.235001
v 7.554976 -12.808331 -3.235001
v 6.912478 -13.780750 -3.235001
v 6.128122 -12.582168 -3.128751
v 6.438490 -13.706960 -3.128751
v 5.964502 -13.633169 -3.128751
v 6.607229 -12.659337 -3.128751
v 6.128122 -12.582168 -3.022501
v 6.607229 -12.659337 -3.022501
v 5.964502 -13.633169 -3.022501
v 4.232612 -12.284175 -2.703752
v 4.542539 -13.411798 -2.703751
v 4.068551 -13.338007 -2.703751
v 4.711735 -12.361347 -2.703752
v 4.232612 -12.284175 -2.597502
v 4.711735 -12.361347 -2.597502
v 4.068551 -13.338007 -2.597502
v 3.284856 -12.135179 -2.491252
v 3.594563 -13.264216 -2.491252
v 3.120575 -13.190426 -2.491252
v 3.763988 -12.212353 -2.491252
v 3.284856 -12.135179 -2.385002
v 3.763988 -12.212353 -2.385002
v 3.120575 -13.190426 -2.385002
v 2.337101 -11.986182 -2.278752
v 2.646587 -13.116635 -2.278752
v 2.172600 -13.042845 -2.278752
v 2.816240 -12.063357 -2.278752
v 2.337101 -11.986182 -2.172502
v 2.816240 -12.063357 -2.172502
v 2.172600 -13.042845 -2.172502
v 1.389346 -11.837186 -2.066252
v 1.698612 -12.969055 -2.066252
v 1.224624 -12.895265 -2.066252
v 1.868493 -11.914363 -2.066252
v 1.389346 -11.837186 -1.960002
v 1.868493 -11.914363 -1.960002
v 1.224624 -12.895265 -1.960002
v 17.800732 -14.231025 -6.294285
v 17.907953 -15.492527 -6.294285
v 17.611525 -15.446380 -6.294285
v 18.097160 -14.277171 -6.294285
v 18.393591 -14.323318 -6.444285
v 18.393591 -14.323318 -6.294285
v 18.097160 -14.277171 -6.444285
v 17.504301 -14.184878 -6.144285
v 17.611525 -15.446380 -6.144285
v 17.315096 -15.400231 -6.144285
v 17.800732 -14.231025 -6.144285
v 17.504301 -14.184878 -6.294285
v 18.393591 -14.323318 -6.592143
v 18.204384 -15.538675 -6.444285
v 18.204384 -15.538675 -6.592143
v 18.393591 -14.323318 -6.740001
v 18.699902 -14.371001 -6.592143
v 18.699902 -14.371001 -6.740000
v 18.510695 -15.586362 -6.592143
v 18.510695 -15.586362 -6.740000
v 17.907963 -15.492529 -6.444285
v 19.369999 -2.200000 -6.740001
v 19.369999 -2.750000 -6.740001
v 21.619999 -2.200000 -6.740001
v 19.599586 -3.945728 -6.740000
v 21.809999 -16.099998 -6.740000
v 22.199375 -13.507425 -6.740000
v 22.769020 -8.141998 -6.740000
v 22.928955 -6.065644 -6.740000
v 23.077177 -4.141345 -6.740000
v 23.183722 -2.758145 -6.740000
v 19.049999 -8.300000 -6.740001
v 19.217525 -5.500947 -6.740001
v 19.517113 -5.516675 -6.740000
v 18.579967 -13.093755 -6.740000
v 19.299999 -3.930000 -6.740001
v -4.910000 -8.870000 1.250000
v -2.270504 -11.072361 1.250000
v -5.490000 -10.570000 1.250000
v -3.710000 -9.270000 1.250000
v 0.002364 -9.270000 1.249999
v -2.172035 -12.366472 1.250000
v 0.021307 -12.839498 1.250000
v -2.192032 -12.494925 1.250000
v 0.041304 -12.711044 1.250000
v 0.477200 -12.778905 1.250000
v -2.468590 -12.320304 1.250000
v 17.504301 -14.184878 -5.996428
v 17.315096 -15.400231 -5.996428
v 17.207872 -14.138733 -5.996428
v 17.018665 -15.354083 -5.996428
v 16.911442 -14.092587 -5.848571
v 17.018665 -15.354083 -5.848571
v 16.722237 -15.307935 -5.848571
v 17.207872 -14.138733 -5.848571
v 17.504301 -14.184878 -5.848571
v 16.615013 -14.046440 -5.848571
v 16.911442 -14.092587 -5.698571
v 16.615013 -14.046440 -5.698571
v 16.722237 -15.307935 -5.698571
v 16.425808 -15.261786 -5.698571
v 15.725724 -13.908002 -5.402857
v 16.022154 -13.954148 -5.250714
v 15.725724 -13.908002 -5.250714
v 16.022154 -13.954148 -5.402857
v 16.318583 -14.000294 -5.550714
v 16.425808 -15.261786 -5.550714
v 16.129387 -15.215640 -5.550714
v 16.615013 -14.046440 -5.550714
v 15.832949 -15.169490 -5.250714
v 15.536519 -15.123343 -5.250714
v 16.129387 -15.215640 -5.402857
v 15.832949 -15.169490 -5.402857
v 16.318583 -14.000294 -5.402857
v 16.615013 -14.046440 -5.402857
v 15.725724 -13.908002 -5.103928
v 15.536519 -15.123343 -5.103928
v 15.429295 -13.861856 -5.105000
v 15.240089 -15.077194 -5.105000
v 15.239568 -15.077113 -4.957142
v 15.428772 -13.861774 -4.957142
v 15.725724 -13.908002 -4.957142
v 15.132604 -13.815669 -4.957142
v 14.943408 -15.031007 -4.957142
v 15.132604 -13.815669 -4.807142
v 14.943408 -15.031007 -4.807142
v 14.836435 -13.769564 -4.957142
v 14.836435 -13.769564 -4.807142
v 14.646978 -14.984859 -4.807142
v 14.836435 -13.769564 -4.658571
v 14.646978 -14.984859 -4.658571
v 14.647231 -14.984898 -4.807142
v 14.350550 -14.938710 -4.658571
v 14.646978 -14.984859 -4.657142
v 14.350550 -14.938710 -4.657142
v 14.540015 -13.723353 -4.657142
v 14.540015 -13.723353 -4.509999
v 14.350550 -14.938710 -4.509999
v 14.836435 -13.769564 -4.509999
v 18.400000 -3.920000 -6.000000
v 18.100000 -3.920000 -5.849999
v 18.400000 -3.920000 -5.849999
v 18.100000 -3.920000 -6.000000
v 17.500000 -3.920000 -5.849999
v 17.800001 -3.920000 -5.700000
v 17.500000 -3.920000 -5.700000
v 17.800001 -3.920000 -5.849999
v 16.900002 -3.906667 -5.399999
v 17.129999 -5.323333 -5.399999
v 16.830000 -5.296667 -5.399999
v 17.200001 -3.913333 -5.399999
v 17.200001 -3.913333 -5.549999
v 17.429998 -5.350000 -5.549999
v 17.129999 -5.323333 -5.549999
v 17.500000 -3.920000 -5.549999
v 17.500000 -3.920000 -5.399999
v 17.429998 -5.350000 -5.399999
v 16.600000 -3.900000 -5.250000
v 16.830000 -5.296667 -5.250000
v 16.529999 -5.270000 -5.250000
v 16.900002 -3.906667 -5.250000
v 16.529999 -5.270000 -5.399999
v 16.600000 -3.900000 -5.399999
v 18.400000 -3.920000 -6.290000
v 18.700001 -3.923333 -6.140000
v 18.400000 -3.920000 -6.140000
v 18.700001 -3.923333 -6.290000
v 19.299999 -3.930000 -6.440000
v 19.000000 -3.926667 -6.290000
v 19.299999 -3.930000 -6.290000
v 19.000000 -3.926666 -6.440000
v 16.000000 -3.900000 -4.960000
v 16.230000 -5.246666 -4.960000
v 15.929999 -5.223333 -4.960000
v 16.300001 -3.900000 -4.960000
v 16.300001 -3.900000 -5.110000
v 16.529999 -5.270000 -5.109999
v 16.230000 -5.246666 -5.109999
v 16.600000 -3.900000 -5.110000
v 16.600000 -3.900000 -4.960000
v 16.529999 -5.270000 -4.960000
v 15.699999 -3.900000 -4.809999
v 15.929999 -5.223333 -4.809999
v 15.629999 -5.200000 -4.809999
v 16.000000 -3.900000 -4.809999
v 15.629999 -5.200000 -4.960000
v 15.699999 -3.900000 -4.960000
v 18.923361 -5.476106 -6.290000
v 18.626776 -5.451061 -6.290000
v 18.030125 -5.400677 -5.850000
v 17.730062 -5.375339 -5.850000
v 21.430000 -1.800000 -7.640001
v 17.969999 -1.800000 -5.650000
v 21.430000 -1.800000 -5.650000
v 17.969999 -1.800000 -6.800001
v 19.789999 -1.800000 -7.640001
v 18.327116 -5.425756 -6.000000
v 18.327116 -5.425756 -5.850000
v 18.030125 -5.400677 -6.000000
v 18.626776 -5.451061 -6.144587
v 18.626776 -5.451061 -6.140001
v -2.270504 -11.072361 1.085000
v -2.567043 -11.026093 1.085000
v -5.489999 -10.570000 -0.400000
v -2.863582 -10.979823 0.920000
v -2.567043 -11.026093 0.920000
v -3.160121 -10.933554 0.755000
v -2.863582 -10.979823 0.755000
v -3.456660 -10.887284 0.590000
v -3.160121 -10.933554 0.590000
v -3.753199 -10.841015 0.425000
v -3.456660 -10.887284 0.425000
v -4.049738 -10.794746 0.260000
v -3.753199 -10.841015 0.260000
v -4.346277 -10.748477 0.095000
v -4.049738 -10.794746 0.095000
v -4.642817 -10.702208 -0.070000
v -4.346277 -10.748477 -0.070000
v -4.939355 -10.655938 -0.235000
v -4.642817 -10.702208 -0.235000
v -4.939355 -10.655938 -0.400000
v 0.794524 -12.828306 0.950000
v 0.313003 -9.270000 1.099998
v 0.313003 -9.270000 0.949998
v 0.794524 -12.828306 1.100000
v 1.111848 -12.877707 0.799999
v 0.623642 -9.270000 0.949998
v 0.623642 -9.270000 0.799998
v 1.111848 -12.877707 0.950000
v 0.477200 -12.778905 1.100000
v 0.002364 -9.270000 1.099998
v 0.921320 -11.761800 -1.960002
v 1.090855 -10.709263 -1.750002
v 1.090855 -10.709263 -1.960002
v 0.920746 -11.765368 -1.750000
v 12.126344 -14.592445 -4.509999
v 12.461082 -12.514165 -4.297500
v 12.461082 -12.514165 -4.510000
v 12.293713 -13.553306 -4.403750
v 12.293713 -13.553306 -4.297500
v 12.126344 -14.592445 -4.403749
v 11.345738 -13.405725 -4.297500
v 11.513563 -12.363756 -4.085001
v 11.513563 -12.363756 -4.297500
v 11.345965 -13.404310 -4.191250
v 11.345965 -13.404310 -4.085000
v 10.398792 -13.251754 -4.085000
v 10.566044 -12.213348 -3.872501
v 10.566044 -12.213348 -4.085001
v 10.399228 -13.249050 -3.978750
v 10.399228 -13.249050 -3.872500
v 10.230392 -14.297283 -3.978750
v 10.230392 -14.297283 -4.085000
v 9.450471 -13.106321 -3.872500
v 9.618526 -12.062940 -3.660001
v 9.618526 -12.062940 -3.872501
v 9.282417 -14.149703 -3.872500
v 8.503298 -12.953763 -3.660001
v 8.671006 -11.912531 -3.447501
v 8.671006 -11.912531 -3.660001
v 8.334441 -14.002122 -3.660000
v 7.555145 -12.807285 -3.447501
v 7.723487 -11.762122 -3.235001
v 7.723487 -11.762122 -3.447501
v 7.386466 -13.854541 -3.447500
v 6.607803 -12.655772 -3.235001
v 6.775969 -11.611713 -3.022501
v 6.775969 -11.611713 -3.235001
v 6.438490 -13.706960 -3.235001
v 5.660057 -12.506777 -3.022501
v 5.828450 -11.461306 -2.810002
v 5.828450 -11.461306 -3.022501
v 5.660333 -12.505057 -2.810001
v 5.660195 -12.505918 -2.916251
v 5.660195 -12.505918 -2.810001
v 5.490514 -13.559379 -2.916251
v 5.490514 -13.559379 -3.022501
v 4.713022 -12.353356 -2.810001
v 4.880931 -11.310897 -2.597502
v 4.880931 -11.310897 -2.810002
v 4.542539 -13.411798 -2.810001
v 3.764562 -12.208786 -2.597502
v 3.933412 -11.160488 -2.385002
v 3.933412 -11.160488 -2.597502
v 3.594563 -13.264216 -2.597502
v 2.816815 -12.059791 -2.385002
v 2.985893 -11.010079 -2.172502
v 2.985893 -11.010079 -2.385002
v 2.646587 -13.116635 -2.385002
v 1.698612 -12.969055 -2.172502
v 1.869068 -11.910795 -2.172502
v 2.038374 -10.859672 -1.960002
v 2.038374 -10.859672 -2.172502
v 11.814262 -13.478664 -4.403750
v 11.652356 -14.518655 -4.403749
v 11.814262 -13.478664 -4.297500
v 11.652356 -14.518655 -4.297500
v 10.872378 -13.328032 -4.191250
v 11.178369 -14.444864 -4.191250
v 10.704381 -14.371074 -4.191250
v 10.872378 -13.328032 -4.085000
v 10.704381 -14.371074 -4.085000
v 17.570000 -2.200000 -5.850000
v 18.469999 -2.200000 -6.290000
v 18.469999 -2.200000 -5.849999
v 17.570000 -2.200000 -6.800000
v 19.369999 -2.200000 -6.290000
v 17.969999 -2.200000 -6.800001
v 21.619999 -2.200000 -7.640001
v 19.789999 -2.200000 -7.640001
v -1.940000 -9.950000 -1.750000
v -2.450004 -9.780011 -1.600000
v -2.450000 -9.780000 -1.750000
v 17.730062 -5.375339 -5.700000
v 17.429998 -5.350000 -5.700000
v 19.299999 -3.930000 -6.590000
v 19.599586 -3.945728 -6.590000
v 19.517113 -5.516675 -6.590001
v 19.217525 -5.500947 -6.590001
v 18.923361 -5.476106 -6.440001
v 19.217525 -5.500947 -6.290000
v 19.217525 -5.500947 -6.440001
v 18.608143 -5.449488 -6.140001
v 18.327116 -5.425756 -6.290000
v 18.327116 -5.425756 -6.140001
v 17.429998 -5.350000 -5.850000
v 15.400434 -3.883869 -4.659999
v 15.629999 -5.200000 -4.659999
v 15.330434 -5.183869 -4.659999
v 15.699999 -3.900000 -4.659999
v 15.400434 -3.883869 -4.509999
v 15.330434 -5.183869 -4.509999
v 15.629999 -5.200000 -4.509999
v 15.699999 -3.900000 -4.509999
v 13.999999 -12.770000 -4.510000
v 14.329999 -9.860000 -4.510000
v 14.570000 -7.050001 -4.510000
v 14.739999 -4.230000 -4.510000
v 14.820000 -1.410000 -4.510000
v 15.016296 -12.588034 -4.509999
v 15.769999 -2.750000 -4.509999
v 15.469999 -7.990000 -4.509999
v 1.093436 -2.213008 0.800000
v 0.766840 -9.170286 0.799998
v 0.567411 -9.155175 0.799998
v 1.969999 0.000000 0.800000
v 0.310000 -2.040000 0.800000
v 0.310000 0.000000 0.800000
v 1.301910 -2.108746 0.800000
v 0.759284 -9.270000 0.799998
v 1.292865 -2.228119 0.800000
v 1.969999 -13.011305 0.800000
v -3.710001 -9.270000 -0.400000
v -1.010000 -9.270000 -0.000000
v -1.800001 -9.270000 -0.200000
v -1.800001 -9.270000 -0.400000
v -1.010000 -9.270000 -0.200000
v 0.759284 -9.270000 -0.000002
v -4.909999 -8.870000 -0.400000
v -4.934514 -8.941851 -0.172975
v -5.319473 -10.070179 -0.170287
v -5.319480 -10.070199 -0.400000
v -4.934514 -8.941851 -0.400000
v 0.766840 -9.170286 0.099998
v 1.301910 -2.108746 0.640000
v 1.292865 -2.228119 0.739998
v 1.283820 -2.347492 0.640000
v 1.274774 -2.466865 0.739998
v 1.283820 -2.347492 0.480000
v 1.274774 -2.466865 0.579998
v 1.265729 -2.586239 0.480000
v 1.256684 -2.705612 0.579998
v 1.265729 -2.586239 0.320000
v 1.256684 -2.705612 0.419998
v 1.247639 -2.824985 0.320000
v 1.238594 -2.944358 0.419998
v 1.247639 -2.824985 0.160000
v 1.238594 -2.944358 0.259998
v 1.229548 -3.063731 0.160000
v 1.221993 -3.163445 0.259998
v 1.229548 -3.063731 0.000000
v 1.221993 -3.163445 0.099998
v 1.093436 -2.213008 0.739998
v 1.075346 -2.451754 0.739998
v 1.075346 -2.451754 0.579998
v 1.057256 -2.690500 0.579998
v 1.057256 -2.690500 0.419998
v 1.039165 -2.929247 0.419998
v 1.039165 -2.929247 0.259998
v 1.022564 -3.148334 0.259998
v 1.022564 -3.148334 0.099998
v 0.567411 -9.155175 0.099998
v -2.830004 -10.910012 -1.599546
v -2.340001 -11.080000 -1.750000
v -2.830000 -10.910000 -1.750000
v 19.750092 -15.779312 -1.000000
v 19.750084 -12.813848 -1.000000
v 23.550001 0.000000 -1.000000
v 19.750050 -1.374971 -1.000002
v 19.750046 0.000000 -1.000000
v 19.750053 -2.308255 -1.000000
v 23.170000 -1.180000 -1.000000
v 22.250000 -14.010000 -1.000000
v 22.620001 -10.810000 -1.000000
v 22.910000 -7.610000 -1.000000
v 23.090000 -4.400000 -1.000000
v 23.550001 -1.180000 -1.000000
v 24.781166 -16.562550 -1.000000
v 22.740000 -14.070000 -1.000000
v 23.190001 -10.200000 -1.000000
v 23.240000 -9.520000 -1.000000
v 25.820000 -9.920000 -1.000000
v 24.781166 16.562550 -1.000000
v 19.750092 15.779312 -1.000000
v 22.250000 14.010000 -1.000000
v 22.740000 14.070000 -1.000000
v 23.190001 10.200000 -1.000000
v 23.240000 9.520000 -1.000000
v 25.820000 9.920000 -1.000000
v 19.750050 1.374971 -1.000005
v 19.750053 2.308255 -1.000000
v 23.170000 1.180000 -1.000000
v 22.620001 10.810000 -1.000000
v 22.910000 7.610000 -1.000000
v 23.090000 4.400000 -1.000000
v 23.550001 1.180000 -1.000000
v 19.750084 12.813848 -1.000000
v 3.158343 -2.099872 0.679695
v 4.088775 -1.119905 0.585501
v 9.872222 0.000000 0.000000
v 2.471270 -11.000098 0.749253
v 4.007824 -2.139832 0.593696
v 17.303524 -12.859404 -0.752325
v 11.178369 -14.444864 -4.297500
v 9.920535 -13.171948 -3.872500
v 9.920535 -13.171948 -3.978750
v 9.756405 -14.223494 -3.978750
v 9.756405 -14.223494 -3.872500
v 5.181458 -12.428807 -2.810001
v 5.181458 -12.428807 -2.916251
v 5.016527 -13.485588 -2.916251
v 5.016527 -13.485588 -2.810001
v 0.750636 -12.821474 -1.960002
v 0.920746 -11.765368 -1.855001
v 0.750636 -12.821474 -1.854999
v 0.446853 -11.689039 -1.855001
v 0.276349 -12.747637 -1.854999
v 0.276349 -12.747637 -1.749998
v 0.446853 -11.689039 -1.750000
v -2.210001 -11.120000 -1.750000
v -2.172035 -12.366472 -1.750000
v 0.021307 -12.839498 -1.749998
v -2.192032 -12.494925 -1.750000
v -1.820000 -9.990000 -1.750000
v -1.710000 -9.690000 -1.750000
v 0.041304 -12.711045 -1.749998
v 0.631582 -10.542128 -1.750002
v -2.625041 -12.295948 -1.750000
v 10.398792 13.251754 -3.872500
v 10.566044 12.213348 -4.085001
v 10.566044 12.213348 -3.872501
v 9.920099 13.174652 -3.872500
v 9.920099 13.174652 -3.978750
v 9.756405 14.223494 -3.978750
v 9.756405 14.223494 -3.872500
v 5.660057 12.506777 -2.810001
v 5.828450 11.461306 -3.022501
v 5.828450 11.461306 -2.810002
v 5.181319 12.429667 -2.810001
v 5.181319 12.429667 -2.916251
v 5.016527 13.485588 -2.916251
v 5.016527 13.485588 -2.810001
v 0.920746 11.765368 -1.750000
v 1.090855 10.709263 -1.960002
v 1.090855 10.709263 -1.750002
v -2.172035 12.366472 -1.750000
v -2.210001 11.120000 -1.750000
v -2.625041 12.295948 -1.750000
v 0.021307 12.839498 -1.749998
v -2.192032 12.494925 -1.750000
v -1.820000 9.990000 -1.750000
v -1.710000 9.690000 -1.750000
v 0.041304 12.711045 -1.749998
v 0.622028 10.538651 -1.750002
v 0.436988 11.687449 -1.750000
v 0.266468 12.746099 -1.749998
v 0.436988 11.687449 -1.855001
v 0.266468 12.746099 -1.854999
v 2.471270 11.000098 0.749253
v 1.969999 13.011305 0.800000
v 17.303524 12.859404 -0.752325
v 4.088775 1.119905 0.585501
v 3.158343 2.099872 0.679695
v 4.007824 2.139832 0.593696
v 0.310000 2.040000 0.800000
v 23.240000 9.520000 -3.300000
v 25.820000 9.920000 -3.300000
v 23.550001 0.000000 -3.300000
v 23.550001 1.180000 -3.300000
v 22.743248 6.045913 -8.997306
v 22.891432 4.127038 -8.992724
v 25.820000 -9.920000 -3.300000
v 23.240000 -9.520000 -3.300000
v 22.743248 -6.045913 -8.997306
v 22.891432 -4.127038 -8.992724
v 23.550001 -1.180000 -3.300000
v -1.800001 8.720000 -0.200000
v -0.999144 6.999262 -0.200002
v -5.137588 11.904795 -0.400000
v -4.727194 9.011799 -0.400000
v -5.108057 10.141510 -0.400000
v -1.800001 8.720000 -0.400000
v -0.999144 6.999262 -0.000002
v 0.310000 2.520000 0.320000
v 0.310000 2.760000 0.320000
v 0.310000 2.280000 0.480000
v 0.310000 2.520000 0.480000
v 0.310000 2.040000 0.640000
v 0.310000 2.280000 0.640000
v 0.310000 3.000000 -0.000000
v 0.310000 3.000000 0.160000
v 0.310000 2.760000 0.160000
v -4.727194 9.011799 -0.550000
v -5.108057 10.141510 -0.549546
v -4.823407 10.237535 -0.549546
v -4.442545 9.107823 -0.550000
v -4.442545 9.107823 -0.700000
v -4.823407 10.237535 -0.699546
v -4.538758 10.333560 -0.699546
v -4.157896 9.203849 -0.700000
v -4.157896 9.203849 -0.850000
v -4.538758 10.333560 -0.849546
v -3.873246 9.299874 -1.000000
v -4.254109 10.429585 -0.849546
v -4.254109 10.429585 -0.999546
v -3.873246 9.299874 -0.850000
v -3.588597 9.395899 -1.150000
v -3.969459 10.525610 -0.999546
v -3.969459 10.525610 -1.149546
v -3.588597 9.395899 -1.000000
v -3.303948 9.491924 -1.300000
v -3.684810 10.621634 -1.149546
v -3.684810 10.621634 -1.299546
v -3.303948 9.491924 -1.150000
v -3.019299 9.587950 -1.450000
v -3.400161 10.717659 -1.299546
v -3.400161 10.717659 -1.449546
v -3.019299 9.587950 -1.300000
v -2.734649 9.683974 -1.600000
v -3.115511 10.813684 -1.449546
v -3.115511 10.813684 -1.599546
v -2.734649 9.683974 -1.450000
v -4.651391 9.037370 -0.326476
v -4.651391 9.037369 -0.465672
v -4.366742 9.133395 -0.465672
v -4.366742 9.133395 -0.615672
v -4.082093 9.229421 -0.615672
v -4.082093 9.229421 -0.765672
v -3.797444 9.325446 -0.765672
v -3.797444 9.325446 -0.915672
v -3.512794 9.421472 -0.915672
v -3.512794 9.421472 -1.065672
v -3.228145 9.517496 -1.065672
v -3.228145 9.517496 -1.215672
v -2.943496 9.613521 -1.215672
v -2.943496 9.613521 -1.365672
v -2.658846 9.709546 -1.365672
v -2.658846 9.709546 -1.520000
v -3.053369 10.834646 -1.520000
v -3.053369 10.834646 -1.369546
v -3.324358 10.743231 -1.369546
v -3.324357 10.743228 -1.219546
v -3.609007 10.647206 -1.219546
v -3.609006 10.647203 -1.069546
v -3.893656 10.551181 -1.069546
v -3.893655 10.551178 -0.919546
v -4.178304 10.455153 -0.769546
v -4.178306 10.455156 -0.919546
v -4.462955 10.359132 -0.769546
v -4.462954 10.359126 -0.619546
v -4.747604 10.263106 -0.619546
v -4.747602 10.263101 -0.469546
v -5.032254 10.167082 -0.469546
v -5.032252 10.167078 -0.326009
v -5.137588 11.904795 -0.235000
v -4.841032 11.950962 -0.235000
v -4.841032 11.950962 -0.070000
v -4.544477 11.997129 -0.070000
v -4.544477 11.997129 0.095000
v -4.247921 12.043298 0.095000
v -4.247921 12.043298 0.260000
v -3.951366 12.089465 0.260000
v -3.951366 12.089465 0.425000
v -3.358256 12.181801 0.590000
v -3.358256 12.181801 0.755000
v -3.061701 12.227968 0.755000
v -3.061701 12.227968 0.920000
v -2.765145 12.274137 0.920000
v -2.765145 12.274137 1.085000
v -2.468590 12.320304 1.085000
v -3.654811 12.135633 0.425000
v -3.654811 12.135633 0.590000
v 0.310000 -0.000000 -0.000000
v -0.999144 -6.999262 -0.000002
v 0.310000 -3.000000 -0.000000
v -2.658846 -9.709546 -1.520000
v -2.658846 -9.709546 -1.365672
v -2.734649 -9.683974 -1.450000
v -2.943496 -9.613521 -1.365672
v -2.734649 -9.683974 -1.600000
v -3.019299 -9.587950 -1.300000
v -2.943496 -9.613521 -1.215672
v -3.019299 -9.587950 -1.450000
v -3.228145 -9.517496 -1.215672
v -3.303948 -9.491924 -1.150000
v -3.228145 -9.517496 -1.065672
v -3.303948 -9.491924 -1.300000
v -3.512794 -9.421472 -1.065672
v -3.588597 -9.395899 -1.000000
v -3.512794 -9.421472 -0.915672
v -3.588597 -9.395899 -1.150000
v -3.797444 -9.325446 -0.915672
v -3.873246 -9.299874 -0.850000
v -3.797444 -9.325446 -0.765672
v -3.873246 -9.299874 -1.000000
v -4.082093 -9.229421 -0.765672
v -4.157896 -9.203849 -0.700000
v -4.082093 -9.229421 -0.615672
v -4.157896 -9.203849 -0.850000
v -4.366742 -9.133395 -0.615672
v -4.442545 -9.107823 -0.550000
v -4.366742 -9.133395 -0.465672
v -4.442545 -9.107823 -0.700000
v -4.651391 -9.037369 -0.465672
v -4.727194 -9.011799 -0.400000
v -4.651391 -9.037370 -0.326476
v -4.727194 -9.011799 -0.550000
v -3.053369 -10.834646 -1.520000
v -3.053369 -10.834646 -1.369546
v -3.324358 -10.743231 -1.369546
v -3.324357 -10.743228 -1.219546
v -3.609007 -10.647206 -1.219546
v -3.609006 -10.647203 -1.069546
v -3.893656 -10.551181 -1.069546
v -3.893655 -10.551178 -0.919546
v -4.178304 -10.455153 -0.769546
v -4.178306 -10.455156 -0.919546
v -5.032252 -10.167078 -0.326009
v -5.108057 -10.141510 -0.400000
v -5.032254 -10.167082 -0.469546
v -5.108057 -10.141510 -0.549546
v -4.747602 -10.263101 -0.469546
v -4.823407 -10.237535 -0.549546
v -4.747604 -10.263106 -0.619546
v -4.823407 -10.237535 -0.699546
v -4.462954 -10.359126 -0.619546
v -4.538758 -10.333560 -0.699546
v -4.462955 -10.359132 -0.769546
v -4.538758 -10.333560 -0.849546
v -4.254109 -10.429585 -0.849546
v -4.254109 -10.429585 -0.999546
v -3.969459 -10.525610 -0.999546
v -3.969459 -10.525610 -1.149546
v -3.684810 -10.621634 -1.149546
v -3.684810 -10.621634 -1.299546
v -3.400161 -10.717659 -1.299546
v -3.400161 -10.717659 -1.449546
v -3.115511 -10.813684 -1.449546
v -3.115511 -10.813684 -1.599546
v -5.137588 -11.904795 -0.235000
v -5.137588 -11.904795 -0.400000
v -4.841032 -11.950962 -0.235000
v -4.841032 -11.950962 -0.070000
v -4.544477 -11.997129 -0.070000
v -4.544477 -11.997129 0.095000
v -4.247921 -12.043298 0.095000
v -4.247921 -12.043298 0.260000
v -3.951366 -12.089465 0.260000
v -3.951366 -12.089465 0.425000
v -3.358256 -12.181801 0.755000
v -3.358256 -12.181801 0.590000
v -3.061701 -12.227968 0.755000
v -3.061701 -12.227968 0.920000
v -2.765145 -12.274137 0.920000
v -2.765145 -12.274137 1.085000
v -2.468590 -12.320304 1.085000
v -3.654811 -12.135633 0.425000
v -3.654811 -12.135633 0.590000
v -0.999144 -6.999262 -0.200002
v -1.800001 -8.720000 -0.400000
v -1.800001 -8.720000 -0.200000
v 0.310000 -2.040000 0.640000
v 0.310000 -2.280000 0.480000
v 0.310000 -2.280000 0.640000
v 0.310000 -2.520000 0.320000
v 0.310000 -2.520000 0.480000
v 0.310000 -2.760000 0.160000
v 0.310000 -2.760000 0.320000
v 0.310000 -3.000000 0.160000
v 15.769999 0.000000 -4.960000
v 15.769999 2.750000 -4.960000
v 15.469999 7.990000 -4.960000
v 18.469999 2.750000 -6.290000
v 18.469999 2.750000 -5.849999
v 19.369999 2.750000 -6.290000
v 17.570000 2.750000 -5.849999
v 17.570000 2.750000 -5.399999
v 16.670000 2.750000 -5.399999
v 16.670000 2.750000 -4.960000
v 16.670000 0.000000 -5.399999
v 16.670000 0.000000 -4.960000
v 17.570000 0.000000 -5.399999
v 16.359999 8.060000 -4.960000
v 16.359999 8.060000 -5.399999
v 17.260000 8.139999 -5.399999
v 17.260000 8.139999 -5.850000
v 18.160000 8.210000 -6.290000
v 17.685265 12.996252 -5.848857
v 17.685265 12.996252 -6.293427
v 18.160000 8.210000 -5.850000
v 16.795179 12.863035 -5.402285
v 16.795179 12.863035 -5.848859
v 16.795202 12.862803 -5.402282
v 15.905749 12.725418 -5.402274
v 15.905749 12.725418 -4.957724
v 15.016296 12.588034 -4.957724
v 18.579967 13.093755 -6.293410
v 19.049999 8.300000 -6.290000
v 16.670000 -2.750000 -5.399999
v 17.570000 -2.750000 -5.399999
v 17.685265 -12.996252 -6.293427
v 18.160000 -8.210000 -5.850000
v 18.160000 -8.210000 -6.290000
v 17.685265 -12.996252 -5.848857
v 16.795179 -12.863035 -5.848859
v 17.260000 -8.139999 -5.399999
v 17.260000 -8.139999 -5.850000
v 16.795202 -12.862803 -5.402282
v 16.795179 -12.863035 -5.402285
v 15.905749 -12.725418 -4.957724
v 15.905749 -12.725418 -5.402274
v 16.359999 -8.060000 -4.960000
v 16.359999 -8.060000 -5.399999
v 15.016296 -12.588034 -4.957724
v 15.469999 -7.990000 -4.960000
v 19.049999 -8.300000 -6.290000
v 18.579967 -13.093755 -6.293410
v 18.469999 -2.750000 -6.290000
v 19.369999 -2.750000 -6.290000
v 17.570000 -2.750000 -5.849999
v 18.469999 -2.750000 -5.849999
v 16.670000 -2.750000 -4.960000
v 15.769999 -2.750000 -4.960000
v 14.820000 1.410000 -5.310000
v 14.820000 0.000000 -5.310000
v 14.690000 0.000000 -5.310000
v 14.690000 1.400000 -5.310000
v -1.940000 9.950000 -2.554838
v -1.820000 9.990000 -2.554691
v 14.739999 4.230000 -5.310000
v 13.879505 12.608223 -5.310000
v 12.486113 12.376421 -5.310000
v -1.800001 9.530000 -2.552566
v 1.113118 10.571046 -2.549319
v -1.710000 9.690000 -2.553041
v 1.090855 10.709263 -2.550002
v 12.461082 12.514165 -5.310000
v 13.999999 12.770000 -5.310000
v 14.450000 7.020000 -5.310000
v 14.209999 9.830001 -5.310000
v 14.610000 4.210000 -5.310000
v -2.340001 11.080000 -2.550000
v -2.210001 11.120000 -2.550000
v 14.329999 9.860000 -5.310000
v -2.625041 12.295948 -2.550000
v -2.675448 12.038424 -2.550000
v -2.758319 12.275199 -2.550000
v -2.516878 11.989486 -2.550000
v 14.570000 7.050001 -5.310000
v -6.750000 6.470000 -0.500000
v -7.010186 9.132086 -0.498257
v -7.030000 9.130000 -0.500000
v -6.730185 6.472085 -0.498257
v -6.520000 2.570000 -0.300000
v -6.640100 5.241044 -0.298299
v -6.659999 5.240000 -0.300000
v -6.500100 2.571043 -0.298299
v -6.470196 0.000000 -0.296847
v -6.489999 1.340000 -0.300000
v -6.490123 0.000000 -0.298546
v -6.470072 1.340000 -0.298301
v -6.229747 9.202125 -9.453295
v -6.249561 9.200039 -9.455037
v -5.969872 6.540011 -9.451467
v -5.950057 6.542097 -9.449724
v -5.859865 5.281056 -9.451071
v -5.739788 2.610011 -9.452511
v -5.879765 5.280012 -9.452771
v -5.719888 2.611054 -9.450810
v -5.709312 1.329991 -9.458055
v -5.709435 0.000000 -9.456612
v -5.689508 0.000000 -9.454912
v -5.689385 1.329991 -9.456356
v 13.101028 11.096726 -11.850001
v 12.932584 11.631661 -11.294961
v 12.972042 11.635948 -11.290000
v 13.061570 11.092440 -11.854962
v 13.101028 11.096726 -11.890001
v 13.061570 11.092440 -11.894962
v 13.327857 7.993071 -11.294961
v 13.367315 7.997357 -11.290000
v 13.377510 8.551701 -11.850001
v 16.987993 12.353868 -11.370001
v 17.443756 8.158552 -11.370001
v 17.443756 8.158552 -11.410001
v 13.377510 8.551701 -11.890001
v 17.024916 12.357879 -11.370001
v 17.480679 8.162563 -11.370001
v 16.987993 12.353868 -11.410001
v 13.338052 8.547414 -11.854962
v 13.338052 8.547414 -11.894962
v 17.525198 8.308224 -11.545146
v 17.480679 8.162563 -11.395146
v 17.488276 8.304213 -11.560000
v 17.099686 12.225180 -11.545146
v 17.062763 12.221169 -11.560000
v 17.024916 12.357879 -11.395146
v 20.299593 12.703564 -11.020000
v 17.157169 11.537364 -12.270000
v 20.299593 12.703564 -10.980000
v 17.157169 11.537364 -12.310000
v 20.336548 12.707579 -11.005227
v 20.336548 12.707579 -10.965227
v 17.120619 11.533393 -12.285757
v 17.135017 11.534958 -12.319551
v 17.195635 8.342833 -11.655758
v 17.433647 8.992338 -12.270000
v 17.232185 8.346804 -11.640001
v 17.397097 8.988367 -12.285757
v 16.821789 12.124578 -11.640001
v 16.785238 12.120606 -11.655758
v 17.433647 8.992338 -12.310000
v 17.411495 8.989932 -12.319551
v 20.753197 8.528131 -11.020000
v 20.753197 8.528131 -10.980000
v 20.790152 8.532146 -11.005227
v 20.790152 8.532146 -10.965227
v 20.706299 12.174394 -11.785228
v 20.999821 9.128277 -11.800001
v 20.669344 12.170379 -11.800001
v 21.036776 9.132292 -11.785228
v 20.831738 3.213660 -11.020000
v 21.148598 3.801048 -11.785228
v 20.868858 3.215605 -11.005227
v 21.111477 3.799103 -11.800001
v 20.988451 6.856854 -11.785228
v 20.951330 6.854909 -11.800001
v 20.831738 3.213660 -10.980000
v 20.868858 3.215605 -10.965227
v 20.611919 7.407902 -11.020000
v 17.409296 6.418936 -12.270000
v 20.611919 7.407902 -10.980000
v 17.409296 6.418936 -12.310000
v 20.649040 7.409848 -11.005227
v 20.649040 7.409848 -10.965227
v 17.372581 6.417012 -12.285757
v 17.387045 6.417770 -12.319551
v 17.269379 3.227239 -11.655758
v 17.107218 7.023955 -11.640001
v 17.070503 7.022031 -11.655758
v 17.306093 3.229163 -11.640001
v 17.543276 3.862445 -12.270000
v 17.506561 3.860521 -12.285757
v 13.707537 2.910393 -11.105041
v 13.525486 6.766149 -11.265040
v 13.495052 6.964826 -11.105041
v 13.717037 3.111164 -11.265040
v 13.485849 6.764071 -11.270000
v 13.455415 6.962749 -11.110001
v 13.707537 2.910393 -11.064959
v 13.495052 6.964826 -11.064959
v 13.677400 3.109087 -11.270000
v 13.667900 2.908315 -11.110001
v 13.388106 3.093927 -11.294961
v 13.236198 6.750987 -11.290000
v 13.196562 6.748909 -11.294961
v 13.427743 3.096004 -11.290000
v 13.334883 6.205405 -11.850001
v 13.468866 3.648914 -11.850001
v 13.295246 6.203328 -11.854962
v 13.429230 3.646837 -11.854962
v 17.543276 3.862445 -12.310000
v 17.521025 3.861279 -12.319551
v 13.455415 6.962749 -11.070001
v 1.895569 6.120622 -10.200001
v 1.599121 6.045003 -10.160001
v 1.895569 6.120622 -10.160001
v 1.599121 6.045003 -10.200001
v 0.772396 6.151883 -10.180001
v 0.772396 6.151883 -10.220001
v 1.781250 2.569773 -10.160001
v 2.083978 2.525557 -10.160001
v 1.945424 6.123235 -10.357505
v 1.932945 6.122581 -10.157583
v 1.905556 6.121146 -10.360001
v 1.781250 2.569773 -10.200001
v 2.083978 2.525557 -10.200001
v 13.667900 2.908315 -11.070001
v 1.274770 2.449427 -10.172491
v 0.970226 2.377063 -10.180001
v 0.970226 2.377063 -10.220001
v 1.274770 2.449427 -10.212491
v -0.157730 2.553267 -10.195411
v -1.957727 2.834453 -10.220001
v -0.157730 2.553267 -10.235411
v -1.957727 2.834453 -10.260001
v 9.569074 2.973889 -10.974233
v 9.425617 6.471174 -10.970001
v 9.385897 6.469092 -10.974233
v 9.608795 2.975971 -10.970001
v 9.500148 6.004435 -11.440001
v 9.634127 3.447944 -11.440001
v 9.460427 6.002353 -11.444232
v 9.594406 3.445862 -11.444232
v 2.092186 2.560009 -10.360001
v 2.132054 2.562098 -10.357505
v 2.093964 2.526080 -10.360001
v 2.121353 2.527516 -10.157583
v 2.133832 2.528169 -10.357505
v 13.468866 3.648914 -11.890001
v 13.429230 3.646837 -11.894962
v 13.334883 6.205405 -11.890001
v 13.295246 6.203328 -11.894962
v 17.506826 3.029395 -11.410001
v 17.506826 3.029395 -11.370001
v 9.634127 3.447944 -11.480000
v 9.594406 3.445862 -11.484232
v 17.543915 3.031338 -11.370001
v 17.543915 3.031338 -11.395146
v 17.596497 3.174287 -11.545146
v 17.559406 3.172343 -11.560000
v 17.323051 7.245553 -11.395146
v 17.323051 7.245553 -11.370001
v 17.285963 7.243610 -11.370001
v 5.699674 3.241748 -11.073417
v 5.565694 5.798240 -11.033417
v 5.565694 5.798240 -11.073417
v 5.699674 3.241748 -11.033417
v 5.605493 5.800326 -11.070001
v 5.739473 3.243834 -11.070001
v 5.739473 3.243834 -11.030001
v 5.690127 2.850713 -10.683417
v 5.515322 6.186135 -10.683417
v 5.605493 5.800326 -11.030001
v 17.285963 7.243610 -11.410001
v 9.624777 6.681886 -10.957339
v 9.789032 2.785143 -10.960001
v 9.584920 6.679797 -10.960001
v 9.828888 2.787231 -10.957339
v 9.574932 6.679274 -10.810000
v 9.779040 2.784619 -10.810000
v 9.614789 6.681363 -10.807339
v 9.574932 6.679274 -10.770000
v 9.612131 6.681224 -10.767427
v 9.818896 2.786708 -10.807339
v 9.779040 2.784619 -10.770000
v 9.816238 2.786568 -10.767427
v 5.729926 2.852799 -10.680001
v 5.555121 6.188221 -10.680001
v 9.500148 6.004435 -11.480000
v 9.460427 6.002353 -11.484232
v 5.920146 2.662493 -10.450001
v 5.762200 6.399348 -10.447953
v 5.724410 6.397367 -10.450001
v 5.957936 2.664473 -10.447953
v 5.970025 2.665107 -10.677898
v 5.774286 6.399980 -10.677898
v 5.724410 6.397367 -10.490001
v 5.734396 6.397889 -10.680001
v 5.617939 2.696723 -10.470001
v 5.427438 6.331734 -10.470001
v 5.920146 2.662493 -10.490001
v 5.930135 2.663017 -10.680001
v 17.390297 7.108888 -11.545146
v 17.353209 7.106944 -11.560000
v -2.091707 5.390944 -10.220001
v -2.091707 5.390944 -10.260001
v 1.740797 5.597785 -10.670001
v 1.834860 3.039202 -10.670001
v 1.700879 5.595693 -10.670001
v 1.874778 3.041294 -10.670001
v 1.700879 5.595693 -10.631481
v 1.834860 3.039202 -10.631481
v 1.740797 5.597785 -10.630001
v 4.601761 6.418642 -10.540001
v 4.805870 2.523986 -10.540001
v 1.874778 3.041294 -10.630001
v 1.841623 2.719117 -10.361481
v 1.674147 5.914733 -10.361481
v 1.714065 5.916825 -10.360001
v 4.601761 6.418642 -10.500001
v 3.987287 2.668458 -10.536306
v 4.805870 2.523986 -10.500001
v 1.881541 2.721209 -10.360001
v 5.070526 2.580281 -10.490224
v 5.427438 6.331734 -10.510001
v 5.617939 2.696723 -10.510001
v 5.070526 2.580281 -10.530224
v -1.877296 5.848773 -9.860001
v -1.917241 5.846679 -9.820001
v -1.877296 5.848773 -9.820001
v -1.917241 5.846679 -9.860001
v -5.923398 5.286245 -9.820001
v -5.923398 5.286245 -9.860001
v -5.779999 2.550001 -9.820001
v -1.737206 2.411394 -9.820001
v -1.697261 2.413487 -9.820001
v -1.877296 5.848773 -10.020000
v -1.697659 2.421082 -10.020000
v -1.697261 2.413487 -10.020000
v -1.917241 5.846679 -10.020000
v -5.779999 2.550001 -9.860001
v -1.737206 2.411394 -9.860001
v -1.737206 2.411394 -10.020000
v -1.737604 2.418989 -10.020000
v 20.867165 2.099998 -11.005227
v 20.829992 2.099998 -10.980000
v 20.867165 2.099998 -10.965227
v 20.829992 2.099998 -11.020000
v 20.867165 0.000000 -10.965227
v 20.829992 0.000000 -10.980000
v 20.867165 0.000000 -11.005227
v 21.177170 1.529999 -11.785228
v 21.139997 1.529999 -11.800001
v 17.580000 1.279999 -12.270000
v 17.580000 1.279999 -12.310000
v 17.597137 1.970000 -11.545146
v 17.499996 2.109998 -11.410001
v 17.537136 2.109998 -11.395146
v 17.559998 1.970000 -11.560000
v 17.499996 0.000000 -11.410001
v 17.559998 0.000000 -11.560000
v 17.499996 2.109998 -11.370001
v 17.537136 2.109998 -11.370001
v 17.537136 0.000000 -11.395146
v 17.597137 0.000000 -11.545146
v 13.699690 2.029997 -11.105041
v 13.679993 1.829999 -11.270000
v 13.659999 2.029997 -11.110001
v 13.719685 1.829999 -11.265040
v 13.659999 0.000000 -11.110001
v 13.679993 0.000000 -11.270000
v 13.659999 2.029997 -11.070001
v 13.699690 2.029997 -11.064959
v 13.699690 0.000000 -11.105041
v 13.719685 0.000000 -11.265040
v 17.580000 0.000000 -12.270000
v 20.829992 0.000000 -11.020000
v 17.580000 0.000000 -12.310000
v 17.543236 1.279999 -12.285757
v 17.557718 1.279999 -12.319551
v 13.499996 1.280000 -11.890001
v 13.460304 1.280000 -11.854962
v 13.499996 1.280000 -11.850001
v 13.460304 1.280000 -11.894962
v 13.499996 0.000000 -11.890001
v 13.460304 0.000000 -11.894962
v 13.460304 0.000000 -11.854962
v 13.390308 1.829998 -11.294961
v 13.429999 1.829998 -11.290000
v 5.729996 1.670000 -10.680001
v 5.720144 1.280001 -11.033417
v 5.690143 1.670000 -10.683417
v 5.759998 1.280001 -11.030001
v 5.729996 0.000000 -10.680001
v 5.759998 0.000000 -11.030001
v 5.759998 1.280001 -11.070001
v 5.720144 1.280001 -11.073417
v 5.690143 0.000000 -10.683417
v 5.720144 0.000000 -11.033417
v 5.759998 0.000000 -11.070001
v 5.720144 0.000000 -11.073417
v 9.769998 1.950000 -10.810000
v 9.769998 1.950000 -10.770000
v 13.429999 0.000000 -11.290000
v 13.499996 0.000000 -11.850001
v 13.390308 0.000000 -11.294961
v 9.769998 0.000000 -10.770000
v 9.809909 1.950000 -10.807339
v 9.807248 1.950000 -10.767427
v 9.819911 1.949999 -10.957339
v 9.780000 1.949999 -10.960001
v 9.769998 0.000000 -10.810000
v 21.139997 0.000000 -11.800001
v 21.177170 0.000000 -11.785228
v 9.659998 1.279999 -11.440001
v 9.570221 1.750000 -10.974233
v 9.609997 1.750000 -10.970001
v 9.620222 1.279999 -11.444232
v 9.609997 0.000000 -10.970001
v 9.659998 0.000000 -11.440001
v 9.659998 1.279999 -11.480000
v 9.620222 1.279999 -11.484232
v 9.570221 0.000000 -10.974233
v 9.620222 0.000000 -11.444232
v 13.659999 0.000000 -11.070001
v 9.659998 0.000000 -11.480000
v 17.537136 0.000000 -11.370001
v 17.499996 0.000000 -11.370001
v 13.699690 0.000000 -11.064959
v 17.557718 0.000000 -12.319551
v 17.543236 0.000000 -12.285757
v 17.273235 1.899999 -11.655758
v 17.310001 1.899999 -11.640001
v 1.889999 1.280000 -10.670001
v 1.850026 1.280000 -10.631481
v 1.889999 1.280000 -10.630001
v 1.850026 1.280000 -10.670001
v 1.850026 0.000000 -10.670001
v 1.850026 0.000000 -10.631481
v 1.880001 1.600001 -10.360001
v 1.840028 1.600001 -10.361481
v 4.790002 1.950000 -10.540001
v 4.790002 1.950000 -10.500001
v 1.889999 0.000000 -10.670001
v 9.620222 0.000000 -11.484232
v 1.880001 0.000000 -10.360001
v 1.889999 0.000000 -10.630001
v 1.840028 0.000000 -10.361481
v 5.909998 1.870000 -10.490001
v 5.609999 1.819999 -10.470001
v 5.909998 1.870000 -10.450001
v 5.609999 1.819999 -10.510001
v 5.959944 1.869998 -10.677898
v 5.947841 1.870000 -10.447953
v 5.919999 1.869998 -10.680001
v 5.909998 0.000000 -10.490001
v 5.609999 0.000000 -10.510001
v 5.909998 0.000000 -10.450001
v 5.609999 0.000000 -10.470001
v 4.790002 0.000000 -10.540001
v 4.790002 0.000000 -10.500001
v -1.710000 1.720000 -9.860001
v -1.750000 1.720000 -9.820001
v -1.710000 1.720000 -9.820001
v -1.750000 1.720000 -9.860001
v -5.779998 1.370000 -9.820001
v -5.779998 1.370000 -9.860001
v -1.710000 0.000000 -9.820001
v -5.779998 0.000000 -9.820001
v -1.710000 1.720000 -10.020000
v -1.710000 0.000000 -10.020000
v -1.750000 1.720000 -10.020000
v -5.779998 0.000000 -9.860001
v -1.750000 0.000000 -9.860001
v -1.750000 0.000000 -10.020000
v 2.074319 1.799765 -10.200001
v 1.774320 1.739766 -10.160001
v 2.074319 1.799765 -10.160001
v 1.774320 1.739766 -10.200001
v 0.954321 1.889766 -10.220001
v -1.945682 1.279766 -10.220001
v 0.954321 1.889766 -10.180001
v -1.945682 1.279766 -10.260001
v 4.369621 10.822134 -10.540001
v 1.835418 7.297828 -10.670001
v 1.558939 9.842854 -10.670001
v 4.790817 6.944945 -10.540001
v 2.124242 1.799766 -10.357505
v 2.111746 1.799766 -10.157583
v 2.084320 1.799766 -10.360001
v 9.243949 10.677713 -11.444232
v 9.521480 7.660036 -10.974233
v 9.143480 11.139565 -10.974233
v 9.520426 8.132688 -11.444232
v 9.561022 7.664331 -10.970001
v 9.283491 10.682009 -11.440001
v 9.183022 11.143860 -10.970001
v 9.559968 8.136983 -11.440001
v 9.357521 11.363994 -10.767427
v 9.781362 7.487092 -10.807339
v 9.360167 11.364281 -10.807339
v 9.778715 7.486804 -10.767427
v 9.751630 7.483862 -10.960001
v 9.320488 11.359970 -10.810000
v 9.330431 11.361050 -10.960001
v 9.741683 7.482781 -10.810000
v 9.320488 11.359970 -10.770000
v 9.370110 11.365360 -10.957339
v 9.791308 7.488173 -10.957339
v 5.682782 7.715786 -11.030001
v 5.406303 10.260813 -11.030001
v 9.741683 7.482781 -10.770000
v 5.366682 10.256509 -11.033417
v 5.655457 7.320523 -10.683417
v 5.294736 10.640986 -10.683417
v 5.643161 7.711481 -11.033417
v 5.695077 7.324827 -10.680001
v 5.334357 10.645290 -10.680001
v 5.682782 7.715786 -11.070001
v 5.406303 10.260813 -11.070001
v 5.591977 7.162744 -10.470001
v 5.491706 10.863561 -10.450001
v 5.198862 10.781452 -10.470001
v 5.895624 7.145436 -10.450001
v 1.718935 10.423295 -10.157583
v 2.116485 6.879478 -10.357505
v 1.731358 10.424644 -10.357505
v 2.107732 6.844352 -10.157583
v 2.120154 6.845701 -10.357505
v 2.070524 6.840310 -10.160001
v 2.070524 6.840310 -10.200001
v 2.080466 6.841390 -10.360001
v 5.529327 10.867648 -10.447953
v 5.945279 7.150831 -10.677898
v 5.541359 10.868954 -10.677898
v 5.933244 7.149523 -10.447953
v 5.895624 7.145436 -10.490001
v 5.905568 7.146517 -10.680001
v 5.491706 10.863561 -10.490001
v 5.501648 10.864639 -10.680001
v 1.860038 6.978620 -10.360001
v 1.558939 9.842854 -10.630001
v 1.514439 10.159904 -10.360001
v 1.835418 7.297828 -10.630001
v 1.519200 9.838537 -10.631481
v 1.820299 6.974303 -10.361481
v 1.474701 10.155587 -10.361481
v 1.795679 7.293511 -10.631481
v 5.591977 7.162744 -10.510001
v 5.198862 10.781452 -10.510001
v 2.076796 6.875166 -10.360001
v 1.681727 10.419252 -10.200001
v 1.691669 10.420333 -10.360001
v 1.681727 10.419252 -10.160001
v 9.809909 0.000000 -10.807339
v 9.819911 0.000000 -10.957339
v 9.780000 0.000000 -10.960001
v 5.919999 0.000000 -10.680001
v 17.310001 0.000000 -11.640001
v 9.807248 0.000000 -10.767427
v 5.947841 0.000000 -10.447953
v 5.959944 0.000000 -10.677898
v 17.273235 0.000000 -11.655758
v 2.124242 0.000000 -10.357505
v 2.111746 0.000000 -10.157583
v 2.084320 0.000000 -10.360001
v 2.074319 0.000000 -10.200001
v -1.945682 0.000000 -10.260001
v -1.945682 0.000000 -10.220001
v 2.074319 0.000000 -10.160001
v 1.774320 0.000000 -10.160001
v 1.774320 0.000000 -10.200001
v 0.954321 0.000000 -10.180001
v 0.954321 0.000000 -10.220001
v 13.617575 7.823367 -11.070001
v 13.218555 11.863904 -11.064959
v 13.179096 11.859617 -11.070001
v 13.657034 7.827654 -11.064959
v 13.218555 11.863904 -11.105041
v 13.657034 7.827654 -11.105041
v 13.617575 7.823367 -11.110001
v 9.559968 8.136983 -11.480000
v 13.179096 11.859617 -11.110001
v 9.283491 10.682009 -11.480000
v 9.520426 8.132688 -11.484232
v 9.243949 10.677713 -11.484232
v 13.220573 11.662949 -11.270000
v 13.260033 11.667235 -11.265040
v 13.655312 8.028643 -11.265040
v 13.615852 8.024356 -11.270000
v 5.643161 7.711481 -11.073417
v 5.366682 10.256509 -11.073417
v 1.795679 7.293511 -10.670001
v 1.519200 9.838537 -10.670001
v 4.790817 6.944945 -10.500001
v 4.369621 10.822134 -10.500001
v 5.051917 7.015926 -10.490224
v 3.965446 7.043497 -10.536306
v 5.051917 7.015926 -10.530224
v -2.067523 9.891483 -9.860001
v -2.107289 9.887163 -9.820001
v -2.067523 9.891483 -9.820001
v -2.107289 9.887163 -9.860001
v -6.075916 9.103973 -9.820001
v -6.075916 9.103973 -9.860001
v -1.696006 6.471604 -9.820001
v -2.067523 9.891483 -10.020000
v -1.696828 6.479165 -10.020000
v -1.696006 6.471604 -10.020000
v -1.735772 6.467284 -10.020000
v -1.736594 6.474845 -10.020000
v -2.107289 9.887163 -10.020000
v -1.735772 6.467284 -9.860001
v -5.779998 6.380000 -9.820001
v -1.735772 6.467284 -9.820001
v -5.779998 6.380000 -9.860001
v 1.765800 6.867558 -10.160001
v 1.389962 10.327204 -10.160001
v 1.389962 10.327204 -10.200001
v 1.765800 6.867558 -10.200001
v 1.266828 6.719128 -10.172491
v 0.966797 6.629877 -10.180001
v 0.966797 6.629877 -10.220001
v 1.266828 6.719128 -10.212491
v -1.982123 6.923111 -10.260001
v -2.258601 9.468137 -10.220001
v -2.258601 9.468137 -10.260001
v -1.982123 6.923111 -10.220001
v 0.558560 10.387768 -10.220001
v 0.558560 10.387768 -10.180001
v 16.485544 1.824730 -3.578811
v 16.485544 3.034730 -3.578811
v 14.896739 3.034730 -3.640451
v 14.896739 1.824730 -3.640451
v 12.932584 -11.631661 -11.294961
v 13.327857 -7.993071 -11.294961
v 13.061570 -11.092440 -11.854962
v 13.338052 -8.547414 -11.854962
v 12.972042 -11.635948 -11.290000
v 13.101028 -11.096726 -11.850001
v 13.367315 -7.997357 -11.290000
v 13.377510 -8.551701 -11.850001
v 16.821789 -12.124578 -11.640001
v 17.433647 -8.992338 -12.270000
v 17.232185 -8.346804 -11.640001
v 17.157169 -11.537364 -12.270000
v 1.113118 -10.571046 -2.549319
v 12.461082 -12.514165 -5.310000
v 1.090855 -10.709263 -2.550002
v 12.486113 -12.376421 -5.310000
v 17.024916 -12.357879 -11.395146
v 17.525198 -8.308224 -11.545146
v 17.480679 -8.162563 -11.395146
v 17.099686 -12.225180 -11.545146
v 17.488276 -8.304213 -11.560000
v 16.987993 -12.353868 -11.410001
v 17.443756 -8.158552 -11.410001
v 17.062763 -12.221169 -11.560000
v 13.179096 -11.859617 -11.070001
v 9.559968 -8.136983 -11.440001
v 9.283491 -10.682009 -11.440001
v 13.617575 -7.823367 -11.070001
v 17.397097 -8.988367 -12.285757
v 16.785238 -12.120606 -11.655758
v 17.195635 -8.342833 -11.655758
v 17.120619 -11.533393 -12.285757
v 9.559968 -8.136983 -11.480000
v 13.179096 -11.859617 -11.110001
v 9.283491 -10.682009 -11.480000
v 13.617575 -7.823367 -11.110001
v 20.336548 -12.707579 -11.005227
v 21.036776 -9.132292 -11.785228
v 20.790152 -8.532146 -11.005227
v 20.706299 -12.174394 -11.785228
v 17.433647 -8.992338 -12.310000
v 20.299593 -12.703564 -11.020000
v 17.157169 -11.537364 -12.310000
v 20.753197 -8.528131 -11.020000
v 17.543276 -3.862445 -12.310000
v 20.611919 -7.407902 -11.020000
v 17.409296 -6.418936 -12.310000
v 20.831738 -3.213660 -11.020000
v 20.611919 -7.407902 -10.980000
v 17.543276 -3.862445 -12.270000
v 17.409296 -6.418936 -12.270000
v 20.831738 -3.213660 -10.980000
v 20.649040 -7.409848 -11.005227
v 21.148598 -3.801048 -11.785228
v 20.868858 -3.215605 -11.005227
v 20.988451 -6.856854 -11.785228
v 21.111477 -3.799103 -11.800001
v 20.951330 -6.854909 -11.800001
v 20.299593 -12.703564 -10.980000
v 20.753197 -8.528131 -10.980000
v 20.999821 -9.128277 -11.800001
v 20.669344 -12.170379 -11.800001
v 21.139997 -1.529999 -11.800001
v 20.829992 -2.099998 -11.020000
v 9.570221 -1.750000 -10.974233
v 9.609997 -1.750000 -10.970001
v 1.889999 -1.280000 -10.630001
v 4.790002 -1.950000 -10.540001
v 4.790002 -1.950000 -10.500001
v 1.889999 -1.280000 -10.670001
v 13.499996 -1.280000 -11.890001
v 17.499996 -2.109998 -11.410001
v 1.850026 -1.280000 -10.631481
v 1.880001 -1.600001 -10.360001
v 1.840028 -1.600001 -10.361481
v 13.499996 -1.280000 -11.850001
v 17.499996 -2.109998 -11.370001
v 17.557718 -1.279999 -12.319551
v 17.543236 -1.279999 -12.285757
v 1.850026 -1.280000 -10.670001
v 17.580000 -1.279999 -12.310000
v 13.699690 -2.029997 -11.064959
v 13.699690 -2.029997 -11.105041
v 17.273235 -1.899999 -11.655758
v 17.580000 -1.279999 -12.270000
v 17.310001 -1.899999 -11.640001
v 13.879505 -12.608223 -5.310000
v 14.209999 -9.830001 -5.310000
v 9.659998 -1.279999 -11.440001
v 13.659999 -2.029997 -11.110001
v 13.659999 -2.029997 -11.070001
v 9.659998 -1.279999 -11.480000
v 20.867165 -2.099998 -11.005227
v 21.177170 -1.529999 -11.785228
v 9.620222 -1.279999 -11.444232
v 9.620222 -1.279999 -11.484232
v 17.537136 -2.109998 -11.370001
v 17.537136 -2.109998 -11.395146
v 4.601761 -6.418642 -10.500001
v 5.427438 -6.331734 -10.510001
v 5.427438 -6.331734 -10.470001
v 4.601761 -6.418642 -10.540001
v 17.559998 -1.970000 -11.560000
v 1.700879 -5.595693 -10.631481
v 1.740797 -5.597785 -10.670001
v 1.740797 -5.597785 -10.630001
v 1.700879 -5.595693 -10.670001
v -5.779999 -2.550001 -9.860001
v -1.917241 -5.846679 -9.860001
v -5.923398 -5.286245 -9.860001
v -1.737206 -2.411394 -9.860001
v 5.724410 -6.397367 -10.490001
v 5.724410 -6.397367 -10.450001
v 4.805870 -2.523986 -10.540001
v 3.987287 -2.668458 -10.536306
v 4.805870 -2.523986 -10.500001
v 1.874778 -3.041294 -10.630001
v 1.874778 -3.041294 -10.670001
v 1.834860 -3.039202 -10.631481
v 1.674147 -5.914733 -10.361481
v 1.841623 -2.719117 -10.361481
v 1.834860 -3.039202 -10.670001
v 1.714065 -5.916825 -10.360001
v 1.881541 -2.721209 -10.360001
v -1.957727 -2.834453 -10.260001
v 0.772396 -6.151883 -10.220001
v -2.091707 -5.390944 -10.260001
v -0.157730 -2.553267 -10.235411
v 0.970226 -2.377063 -10.220001
v 5.070526 -2.580281 -10.530224
v 5.617939 -2.696723 -10.510001
v 20.867165 -2.099998 -10.965227
v -1.917241 -5.846679 -9.820001
v -5.923398 -5.286245 -9.820001
v 5.070526 -2.580281 -10.490224
v 5.617939 -2.696723 -10.470001
v 5.920146 -2.662493 -10.490001
v 5.920146 -2.662493 -10.450001
v -1.917241 -5.846679 -10.020000
v -1.877296 -5.848773 -9.860001
v -1.877296 -5.848773 -10.020000
v -1.877296 -5.848773 -9.820001
v -1.697261 -2.413487 -10.020000
v -1.697261 -2.413487 -9.820001
v -1.697659 -2.421082 -10.020000
v 20.829992 -2.099998 -10.980000
v -1.737206 -2.411394 -9.820001
v -1.737206 -2.411394 -10.020000
v -5.779999 -2.550001 -9.820001
v 17.597137 -1.970000 -11.545146
v -1.737604 -2.418989 -10.020000
v -1.957727 -2.834453 -10.220001
v -2.091707 -5.390944 -10.220001
v 0.772396 -6.151883 -10.180001
v -0.157730 -2.553267 -10.195411
v 0.970226 -2.377063 -10.180001
v 17.107218 -7.023955 -11.640001
v 17.269379 -3.227239 -11.655758
v 17.070503 -7.022031 -11.655758
v 17.306093 -3.229163 -11.640001
v 20.649040 -7.409848 -10.965227
v 17.372581 -6.417012 -12.285757
v 17.387045 -6.417770 -12.319551
v 20.868858 -3.215605 -10.965227
v 20.336548 -12.707579 -10.965227
v 20.790152 -8.532146 -10.965227
v 17.411495 -8.989932 -12.319551
v 17.135017 -11.534958 -12.319551
v 17.024916 -12.357879 -11.370001
v 17.480679 -8.162563 -11.370001
v 16.987993 -12.353868 -11.370001
v 17.443756 -8.158552 -11.370001
v 13.377510 -8.551701 -11.890001
v 13.101028 -11.096726 -11.890001
v 13.061570 -11.092440 -11.894962
v 13.338052 -8.547414 -11.894962
v -6.489999 -1.340000 -0.300000
v -5.689385 -1.329991 -9.456356
v -6.470072 -1.340000 -0.298301
v -5.709312 -1.329991 -9.458055
v -6.659999 -5.240000 -0.300000
v -5.859865 -5.281056 -9.451071
v -6.640100 -5.241044 -0.298299
v -5.879765 -5.280012 -9.452771
v -5.719888 -2.611054 -9.450810
v -6.500100 -2.571043 -0.298299
v -6.520000 -2.570000 -0.300000
v -5.739788 -2.610011 -9.452511
v -5.950057 -6.542097 -9.449724
v -6.750000 -6.470000 -0.500000
v -6.730185 -6.472085 -0.498257
v -5.969872 -6.540011 -9.451467
v -7.010186 -9.132086 -0.498257
v -6.229747 -9.202125 -9.453295
v -7.030000 -9.130000 -0.500000
v -6.249561 -9.200039 -9.455037
v -1.710000 -9.690000 -2.553041
v -1.820000 -9.990000 -2.554691
v -2.210001 -11.120000 -2.550000
v -2.516878 -11.989486 -2.550000
v -2.625041 -12.295948 -2.550000
v -1.940000 -9.950000 -2.554838
v -1.800001 -9.530000 -2.552566
v -2.675448 -12.038424 -2.550000
v -2.340001 -11.080000 -2.550000
v -2.758319 -12.275199 -2.550000
v 14.570000 -7.050001 -5.310000
v 14.329999 -9.860000 -5.310000
v 14.739999 -4.230000 -5.310000
v 13.999999 -12.770000 -5.310000
v 9.612131 -6.681224 -10.767427
v 9.818896 -2.786708 -10.807339
v 9.816238 -2.786568 -10.767427
v 9.614789 -6.681363 -10.807339
v 13.236198 -6.750987 -11.290000
v 13.468866 -3.648914 -11.850001
v 13.427743 -3.096004 -11.290000
v 13.334883 -6.205405 -11.850001
v 17.506561 -3.860521 -12.285757
v 17.285963 -7.243610 -11.410001
v 17.323051 -7.245553 -11.370001
v 17.285963 -7.243610 -11.370001
v 17.323051 -7.245553 -11.395146
v 13.667900 -2.908315 -11.110001
v 9.634127 -3.447944 -11.440001
v 13.667900 -2.908315 -11.070001
v 9.634127 -3.447944 -11.480000
v 17.559406 -3.172343 -11.560000
v 17.506826 -3.029395 -11.410001
v 17.353209 -7.106944 -11.560000
v 5.970025 -2.665107 -10.677898
v 5.957936 -2.664473 -10.447953
v 5.930135 -2.663017 -10.680001
v 5.734396 -6.397889 -10.680001
v 9.500148 -6.004435 -11.440001
v 13.455415 -6.962749 -11.110001
v 13.455415 -6.962749 -11.070001
v 9.500148 -6.004435 -11.480000
v 13.495052 -6.964826 -11.064959
v 13.707537 -2.910393 -11.105041
v 13.707537 -2.910393 -11.064959
v 13.495052 -6.964826 -11.105041
v 5.774286 -6.399980 -10.677898
v 5.762200 -6.399348 -10.447953
v 9.460427 -6.002353 -11.484232
v 9.594406 -3.445862 -11.444232
v 9.594406 -3.445862 -11.484232
v 9.460427 -6.002353 -11.444232
v 9.574932 -6.679274 -10.770000
v 5.739473 -3.243834 -11.030001
v 5.605493 -5.800326 -11.030001
v 9.779040 -2.784619 -10.770000
v 5.565694 -5.798240 -11.033417
v 5.555121 -6.188221 -10.680001
v 5.515322 -6.186135 -10.683417
v 17.390297 -7.108888 -11.545146
v 13.388106 -3.093927 -11.294961
v 13.196562 -6.748909 -11.294961
v 17.596497 -3.174287 -11.545146
v 13.677400 -3.109087 -11.270000
v 13.525486 -6.766149 -11.265040
v 13.485849 -6.764071 -11.270000
v 13.717037 -3.111164 -11.265040
v 9.779040 -2.784619 -10.810000
v 5.739473 -3.243834 -11.070001
v 13.295246 -6.203328 -11.854962
v 13.429230 -3.646837 -11.854962
v 17.521025 -3.861279 -12.319551
v 1.599121 -6.045003 -10.200001
v 1.895569 -6.120622 -10.160001
v 1.599121 -6.045003 -10.160001
v 1.895569 -6.120622 -10.200001
v 1.781250 -2.569773 -10.160001
v 2.083978 -2.525557 -10.160001
v 1.945424 -6.123235 -10.357505
v 1.932945 -6.122581 -10.157583
v 1.905556 -6.121146 -10.360001
v 1.781250 -2.569773 -10.200001
v 2.083978 -2.525557 -10.200001
v 1.274770 -2.449427 -10.172491
v 1.274770 -2.449427 -10.212491
v 9.425617 -6.471174 -10.970001
v 9.569074 -2.973889 -10.974233
v 9.385897 -6.469092 -10.974233
v 9.608795 -2.975971 -10.970001
v 2.092186 -2.560009 -10.360001
v 2.132054 -2.562098 -10.357505
v 2.093964 -2.526080 -10.360001
v 2.133832 -2.528169 -10.357505
v 2.121353 -2.527516 -10.157583
v 13.468866 -3.648914 -11.890001
v 13.429230 -3.646837 -11.894962
v 13.334883 -6.205405 -11.890001
v 13.295246 -6.203328 -11.894962
v 17.506826 -3.029395 -11.370001
v 17.543915 -3.031338 -11.395146
v 17.543915 -3.031338 -11.370001
v 5.565694 -5.798240 -11.073417
v 5.699674 -3.241748 -11.033417
v 5.699674 -3.241748 -11.073417
v 5.605493 -5.800326 -11.070001
v 5.690127 -2.850713 -10.683417
v 9.789032 -2.785143 -10.960001
v 9.624777 -6.681886 -10.957339
v 9.584920 -6.679797 -10.960001
v 9.828888 -2.787231 -10.957339
v 9.574932 -6.679274 -10.810000
v 5.729926 -2.852799 -10.680001
v 16.485544 -3.034730 -3.578811
v 16.485544 -1.824730 -3.578811
v 14.896739 -3.034730 -3.640451
v 14.896739 -1.824730 -3.640451
v 14.450000 -7.020000 -5.310000
v 14.610000 -4.210000 -5.310000
v 14.690000 -1.400000 -5.310000
v 14.820000 -1.410000 -5.310000
v 13.460304 -1.280000 -11.894962
v 13.460304 -1.280000 -11.854962
v 13.390308 -1.829998 -11.294961
v 5.759998 -1.280001 -11.030001
v 9.769998 -1.950000 -10.810000
v 9.769998 -1.950000 -10.770000
v 5.759998 -1.280001 -11.070001
v 5.690143 -1.670000 -10.683417
v 5.729996 -1.670000 -10.680001
v 5.720144 -1.280001 -11.073417
v 13.429999 -1.829998 -11.290000
v 9.809909 -1.950000 -10.807339
v 9.807248 -1.950000 -10.767427
v 9.819911 -1.949999 -10.957339
v 9.780000 -1.949999 -10.960001
v 5.720144 -1.280001 -11.033417
v 13.679993 -1.829999 -11.270000
v 13.719685 -1.829999 -11.265040
v 5.609999 -1.819999 -10.470001
v 5.909998 -1.870000 -10.490001
v 5.909998 -1.870000 -10.450001
v 5.609999 -1.819999 -10.510001
v 5.959944 -1.869998 -10.677898
v 5.947841 -1.870000 -10.447953
v 5.919999 -1.869998 -10.680001
v -1.750000 -1.720000 -9.860001
v -1.710000 -1.720000 -9.820001
v -1.750000 -1.720000 -9.820001
v -1.710000 -1.720000 -9.860001
v -5.779998 -1.370000 -9.860001
v -5.779998 -1.370000 -9.820001
v -1.710000 -1.720000 -10.020000
v -1.750000 -1.720000 -10.020000
v 1.774320 -1.739766 -10.200001
v 2.074319 -1.799765 -10.160001
v 1.774320 -1.739766 -10.160001
v 2.074319 -1.799765 -10.200001
v -1.945682 -1.279766 -10.220001
v 0.954321 -1.889766 -10.220001
v 0.954321 -1.889766 -10.180001
v -1.945682 -1.279766 -10.260001
v 1.835418 -7.297828 -10.670001
v 4.369621 -10.822134 -10.540001
v 1.558939 -9.842854 -10.670001
v 4.790817 -6.944945 -10.540001
v 2.124242 -1.799766 -10.357505
v 2.111746 -1.799766 -10.157583
v 2.084320 -1.799766 -10.360001
v 9.520426 -8.132688 -11.444232
v 9.143480 -11.139565 -10.974233
v 9.521480 -7.660036 -10.974233
v 9.243949 -10.677713 -11.444232
v 9.183022 -11.143860 -10.970001
v 9.561022 -7.664331 -10.970001
v 9.357521 -11.363994 -10.767427
v 9.781362 -7.487092 -10.807339
v 9.778715 -7.486804 -10.767427
v 9.360167 -11.364281 -10.807339
v 9.751630 -7.483862 -10.960001
v 9.320488 -11.359970 -10.810000
v 9.741683 -7.482781 -10.810000
v 9.330431 -11.361050 -10.960001
v 9.320488 -11.359970 -10.770000
v 9.370110 -11.365360 -10.957339
v 9.791308 -7.488173 -10.957339
v 5.682782 -7.715786 -11.030001
v 5.406303 -10.260813 -11.030001
v 9.741683 -7.482781 -10.770000
v 5.643161 -7.711481 -11.033417
v 5.294736 -10.640986 -10.683417
v 5.655457 -7.320523 -10.683417
v 5.366682 -10.256509 -11.033417
v 5.334357 -10.645290 -10.680001
v 5.695077 -7.324827 -10.680001
v 5.682782 -7.715786 -11.070001
v 5.406303 -10.260813 -11.070001
v 5.491706 -10.863561 -10.450001
v 5.591977 -7.162744 -10.470001
v 5.198862 -10.781452 -10.470001
v 5.895624 -7.145436 -10.450001
v 1.718935 -10.423295 -10.157583
v 2.120154 -6.845701 -10.357505
v 2.107732 -6.844352 -10.157583
v 2.116485 -6.879478 -10.357505
v 1.731358 -10.424644 -10.357505
v 2.070524 -6.840310 -10.160001
v 2.070524 -6.840310 -10.200001
v 2.080466 -6.841390 -10.360001
v 5.529327 -10.867648 -10.447953
v 5.945279 -7.150831 -10.677898
v 5.933244 -7.149523 -10.447953
v 5.541359 -10.868954 -10.677898
v 5.895624 -7.145436 -10.490001
v 5.905568 -7.146517 -10.680001
v 5.491706 -10.863561 -10.490001
v 5.501648 -10.864639 -10.680001
v 1.514439 -10.159904 -10.360001
v 1.835418 -7.297828 -10.630001
v 1.860038 -6.978620 -10.360001
v 1.558939 -9.842854 -10.630001
v 1.795679 -7.293511 -10.631481
v 1.474701 -10.155587 -10.361481
v 1.820299 -6.974303 -10.361481
v 1.519200 -9.838537 -10.631481
v 5.591977 -7.162744 -10.510001
v 5.198862 -10.781452 -10.510001
v 1.681727 -10.419252 -10.200001
v 2.076796 -6.875166 -10.360001
v 1.691669 -10.420333 -10.360001
v 1.681727 -10.419252 -10.160001
v 13.218555 -11.863904 -11.064959
v 13.657034 -7.827654 -11.064959
v 13.657034 -7.827654 -11.105041
v 13.218555 -11.863904 -11.105041
v 9.243949 -10.677713 -11.484232
v 9.520426 -8.132688 -11.484232
v 13.220573 -11.662949 -11.270000
v 13.260033 -11.667235 -11.265040
v 13.655312 -8.028643 -11.265040
v 13.615852 -8.024356 -11.270000
v 5.643161 -7.711481 -11.073417
v 5.366682 -10.256509 -11.073417
v 1.795679 -7.293511 -10.670001
v 1.519200 -9.838537 -10.670001
v 4.790817 -6.944945 -10.500001
v 4.369621 -10.822134 -10.500001
v 5.051917 -7.015926 -10.490224
v 3.965446 -7.043497 -10.536306
v 5.051917 -7.015926 -10.530224
v -2.107289 -9.887163 -9.860001
v -2.067523 -9.891483 -9.820001
v -2.107289 -9.887163 -9.820001
v -2.067523 -9.891483 -9.860001
v -6.075916 -9.103973 -9.860001
v -6.075916 -9.103973 -9.820001
v -1.696006 -6.471604 -10.020000
v -1.696006 -6.471604 -9.820001
v -1.696828 -6.479165 -10.020000
v -2.067523 -9.891483 -10.020000
v -1.735772 -6.467284 -10.020000
v -1.736594 -6.474845 -10.020000
v -2.107289 -9.887163 -10.020000
v -1.735772 -6.467284 -9.860001
v -5.779998 -6.380000 -9.820001
v -1.735772 -6.467284 -9.820001
v -5.779998 -6.380000 -9.860001
v 1.765800 -6.867558 -10.160001
v 1.389962 -10.327204 -10.160001
v 1.389962 -10.327204 -10.200001
v 1.765800 -6.867558 -10.200001
v 1.266828 -6.719128 -10.172491
v 0.966797 -6.629877 -10.180001
v 0.966797 -6.629877 -10.220001
v 1.266828 -6.719128 -10.212491
v -2.258601 -9.468137 -10.260001
v -1.982123 -6.923111 -10.220001
v -1.982123 -6.923111 -10.260001
v -2.258601 -9.468137 -10.220001
v 0.558560 -10.387768 -10.220001
v 0.558560 -10.387768 -10.180001
v -2.192032 12.494925 -4.050000
v -2.172035 12.366472 -4.050000
v -2.172035 12.366472 -1.050000
v 0.021307 12.839498 -1.050000
v -2.192032 12.494925 -1.050000
v 0.041304 12.711044 -1.050000
v 0.021307 12.839498 -4.049998
v 0.041304 12.711045 -4.049998
v -2.172035 -12.366472 -4.050000
v 0.041304 -12.711045 -4.049998
v -2.172035 -12.366472 -1.050000
v 0.041304 -12.711044 -1.050000
v -2.192032 -12.494925 -1.050000
v 0.021307 -12.839498 -4.049998
v -2.192032 -12.494925 -4.050000
v 0.021307 -12.839498 -1.050000
v -5.000000 0.000000 -6.660003
v -5.000000 2.500000 -6.460000
v -5.000000 2.500000 -6.660003
v -5.000000 0.000000 -6.460000
v -3.570000 0.000000 -6.660003
v -4.400000 7.000000 -6.660003
v -3.570000 7.000000 -6.660003
v -4.400000 7.000000 -6.460000
v -5.000000 -2.500000 -6.460000
v -3.570000 0.000000 -6.460000
v -4.400000 -7.000000 -6.460000
v -3.570000 -7.000000 -6.460000
v -4.400000 -7.000000 -6.660003
v -3.570000 -7.000000 -6.660003
v -5.000000 -2.500000 -6.660003
v -3.570000 7.000000 -6.460000
v -3.448998 7.000000 -6.619247
v 0.997089 0.000000 -6.619381
v -3.448998 0.000000 -6.619247
v 0.997089 8.900000 -6.619381
v 0.997089 0.700000 -6.619381
v 0.876088 0.000000 -6.460137
v 0.876088 8.900000 -6.460137
v 0.876088 0.700000 -6.460137
v -3.448998 -7.000000 -6.619247
v 0.876088 -8.900000 -6.460137
v 0.997089 -8.900000 -6.619381
v 0.997089 -0.700000 -6.619381
v 0.876088 -0.700000 -6.460137
o elm__2
f 1 2 3
f 2 1 4
f 5 6 7
f 6 5 8
f 8 9 6
f 9 8 10
f 11 12 13
f 12 11 14
f 13 15 16
f 15 13 12
f 1 17 4
f 17 1 18
o elm__4
f 19 20 21
f 20 19 22
f 23 24 25
f 24 23 26
f 27 28 29
f 28 27 30
f 31 32 33
f 32 31 34
f 35 36 37
f 36 35 38
f 38 35 39
f 39 40 41
f 40 39 42
f 42 39 35
f 43 44 45
f 44 43 46
f 47 48 49
f 48 47 50
f 49 43 45
f 43 49 48
f 51 52 53
f 52 51 54
f 52 54 55
f 56 27 57
f 27 56 31
f 31 30 27
f 30 31 33
f 58 51 59
f 60 26 23
f 26 60 59
f 26 59 51
f 26 51 53
f 61 59 62
f 59 61 63
f 59 63 58
f 64 65 66
f 65 64 67
f 68 69 70
f 69 68 71
f 70 21 68
f 19 21 70
f 72 73 74
f 73 72 75
f 74 76 72
f 76 74 77
f 65 78 66
f 78 65 79
f 80 81 65
f 80 65 67
f 71 80 67
f 80 71 82
f 80 82 83
f 83 82 84
f 84 85 83
f 85 84 86
f 85 87 88
f 87 85 86
f 87 86 89
f 87 89 90
f 64 71 67
f 71 64 91
f 71 91 92
f 71 92 69
f 82 71 68
f 82 93 84
f 93 82 94
f 93 94 95
f 95 94 96
f 95 96 97
f 98 84 93
f 84 98 86
f 98 89 86
f 89 98 99
f 99 98 100
f 99 100 101
f 101 100 102
f 103 89 99
f 89 103 90
f 88 104 105
f 104 88 87
f 83 106 107
f 106 83 85
f 108 109 110
f 109 108 111
f 109 111 112
f 112 111 113
f 112 113 114
f 115 110 109
f 110 115 116
f 114 117 112
f 117 114 118
f 93 119 120
f 119 93 95
f 115 121 116
f 121 115 122
f 122 115 117
f 122 117 123
f 123 117 118
f 104 124 105
f 124 104 125
f 126 121 122
f 121 126 127
f 123 126 122
f 126 123 128
f 97 100 95
f 100 97 102
f 101 103 99
f 103 101 129
f 130 21 20
f 21 130 97
f 21 97 96
f 97 130 102
f 102 130 129
f 129 130 131
f 129 101 102
f 108 74 111
f 113 111 74
f 109 132 133
f 132 109 112
f 132 117 134
f 117 132 112
f 113 74 73
f 135 93 120
f 93 135 98
f 136 98 135
f 98 136 100
f 119 100 136
f 100 119 95
f 137 138 139
f 138 137 106
f 140 106 137
f 106 140 107
f 134 115 141
f 115 134 117
f 108 77 74
f 142 79 65
f 75 79 73
f 79 75 143
f 79 143 144
f 79 144 78
f 145 146 147
f 146 145 76
f 146 76 77
f 82 68 94
f 96 68 21
f 96 94 68
f 142 65 81
f 138 124 148
f 124 138 105
f 105 138 106
f 105 106 88
f 88 106 85
f 79 113 73
f 113 79 142
f 113 142 114
f 114 142 149
f 149 118 114
f 118 149 148
f 118 128 123
f 128 118 148
f 128 148 124
f 128 124 125
f 150 140 151
f 140 150 107
f 138 151 139
f 151 138 150
f 35 56 42
f 56 35 34
f 42 56 43
f 43 56 46
f 46 56 61
f 61 56 63
f 63 56 58
f 58 56 152
f 56 34 31
f 152 51 58
f 51 152 54
f 54 152 55
f 61 153 46
f 153 61 154
f 43 155 42
f 155 43 48
f 155 50 156
f 50 155 48
f 28 55 29
f 55 28 52
f 157 152 158
f 152 157 29
f 152 29 55
f 152 57 158
f 57 152 56
f 24 154 25
f 154 24 159
f 160 61 62
f 61 160 25
f 61 25 154
f 161 162 163
f 164 161 163
f 161 165 166
f 165 161 164
f 165 164 167
f 165 167 168
f 146 169 147
f 46 153 44
f 170 171 172
f 171 170 44
f 171 44 153
f 171 153 173
f 153 159 173
f 159 153 154
f 168 174 165
f 174 168 175
f 172 47 49
f 47 172 171
f 115 133 141
f 133 115 109
f 138 149 150
f 149 138 148
f 142 150 149
f 150 142 81
f 150 81 107
f 107 81 80
f 107 80 83
f 108 110 77
f 146 176 169
f 176 146 77
f 176 77 110
f 176 110 116
f 176 116 121
f 176 121 127
f 37 177 178
f 177 37 40
f 40 37 36
f 40 36 41
f 40 174 175
f 40 175 179
f 40 179 180
f 40 180 181
f 40 181 182
f 40 182 177
f 159 171 173
f 52 26 53
f 26 52 28
f 183 33 32
f 33 183 30
f 30 183 184
f 30 184 185
f 185 184 186
f 186 184 187
f 187 184 188
f 184 183 189
f 50 190 156
f 190 50 47
f 190 47 171
f 190 171 185
f 185 171 159
f 185 159 24
f 185 24 26
f 185 26 28
f 185 28 30
f 190 185 191
f 190 191 192
f 190 192 193
f 190 193 194
f 195 196 197
f 196 195 198
f 199 200 201
f 200 199 202
f 203 204 205
f 204 203 206
f 204 206 207
f 35 208 34
f 208 35 197
f 208 197 196
f 208 196 201
f 208 201 200
f 208 200 209
f 208 209 205
f 208 205 204
f 34 208 210
f 195 211 198
f 211 195 212
f 204 213 214
f 213 204 215
f 215 204 207
f 207 216 215
f 216 207 217
f 204 218 208
f 218 204 214
f 200 219 220
f 219 200 221
f 221 200 202
f 202 222 221
f 222 202 223
f 224 225 226
f 227 225 224
f 228 224 229
f 224 228 227
f 227 228 230
f 230 228 231
f 232 233 234
f 201 235 199
f 236 237 238
f 237 236 235
f 235 236 199
f 199 236 239
f 199 223 202
f 223 199 239
f 240 231 228
f 231 240 241
f 238 242 236
f 242 238 243
f 244 245 246
f 245 244 247
f 248 249 250
f 249 248 251
f 252 253 254
f 253 252 255
f 253 255 250
f 250 255 256
f 250 256 248
f 257 232 234
f 232 257 258
f 258 257 259
f 259 257 260
f 260 257 261
f 261 257 262
f 263 258 259
f 264 254 253
f 254 264 265
f 266 267 268
f 267 266 269
f 270 271 272
f 271 270 273
f 274 275 276
f 275 274 272
f 272 274 277
f 272 277 270
f 270 277 278
f 279 277 280
f 277 279 278
f 281 282 283
f 284 285 286
f 285 284 287
f 285 287 280
f 280 287 281
f 280 281 279
f 288 283 289
f 283 288 290
f 290 288 291
f 290 291 292
f 269 265 267
f 265 269 278
f 278 269 270
f 270 269 273
f 265 279 254
f 279 265 278
f 252 283 290
f 283 252 281
f 281 252 254
f 281 254 279
f 252 290 293
f 252 293 255
f 294 295 296
f 295 294 293
f 258 297 298
f 297 258 299
f 297 300 301
f 300 297 299
f 302 303 304
f 303 302 282
f 283 302 289
f 302 283 282
f 295 290 292
f 290 295 293
f 305 306 307
f 306 305 308
f 308 305 203
f 203 305 309
f 205 308 203
f 209 308 205
f 308 209 220
f 220 209 200
f 310 210 311
f 210 310 312
f 311 208 218
f 208 311 210
f 206 217 207
f 217 206 309
f 309 206 203
f 313 314 315
f 313 315 316
f 313 316 241
f 313 241 240
f 317 37 178
f 37 317 318
f 318 317 313
f 318 313 319
f 307 222 305
f 222 307 221
f 311 216 310
f 216 311 215
f 210 32 34
f 32 210 312
f 313 320 319
f 320 313 197
f 320 197 35
f 318 35 37
f 35 318 321
f 35 321 320
f 196 243 322
f 243 196 198
f 198 242 243
f 242 198 211
f 323 211 212
f 211 323 242
f 242 323 236
f 236 323 324
f 236 324 223
f 223 324 222
f 222 324 305
f 305 324 216
f 216 324 310
f 324 323 325
f 325 323 326
f 326 323 327
f 327 323 328
f 312 183 32
f 183 312 310
f 183 310 329
f 329 310 324
f 329 324 330
f 329 330 331
f 329 331 332
f 183 329 333
f 305 217 309
f 217 305 216
f 223 239 236
f 196 235 201
f 235 196 322
f 313 317 334
f 313 334 314
f 335 336 337
f 336 335 338
f 336 338 247
f 247 338 263
f 247 263 259
f 259 245 247
f 245 259 260
f 339 337 336
f 337 339 340
f 280 341 285
f 341 280 342
f 339 343 340
f 343 339 344
f 344 339 245
f 344 245 261
f 261 245 260
f 345 266 268
f 266 345 346
f 261 347 344
f 347 261 262
f 347 343 344
f 343 347 348
f 274 286 285
f 286 274 276
f 271 275 272
f 275 271 349
f 349 276 275
f 303 130 20
f 130 303 286
f 286 303 284
f 130 286 276
f 130 276 349
f 130 349 131
f 22 303 20
f 303 22 304
f 263 338 299
f 335 299 338
f 247 350 336
f 350 247 244
f 339 350 351
f 350 339 336
f 335 300 299
f 280 352 342
f 352 280 277
f 353 277 274
f 277 353 352
f 274 341 353
f 341 274 285
f 354 249 264
f 249 354 355
f 264 356 354
f 356 264 253
f 351 245 339
f 245 351 246
f 263 299 258
f 256 293 294
f 296 300 294
f 300 296 357
f 357 296 358
f 300 357 301
f 359 258 298
f 258 359 232
f 232 359 233
f 281 287 282
f 284 303 282
f 284 282 287
f 256 255 293
f 264 267 265
f 267 264 268
f 268 264 249
f 268 249 345
f 345 249 251
f 348 340 343
f 340 348 251
f 251 348 345
f 345 348 346
f 340 248 337
f 248 340 251
f 335 294 300
f 294 335 256
f 256 335 337
f 256 337 248
f 250 356 253
f 356 250 360
f 360 249 355
f 249 360 250
o elm__6
f 361 362 363
f 364 361 365
f 366 364 367
f 364 366 368
f 369 370 371
f 370 369 362
f 370 362 361
f 370 361 364
f 370 364 368
f 370 368 372
f 372 368 373
f 370 372 374
f 370 375 371
f 375 370 376
f 375 377 378
f 377 375 379
f 377 379 380
f 379 375 381
f 381 376 382
f 376 381 375
f 383 384 385
f 384 383 386
f 387 388 389
f 388 387 384
f 388 384 386
f 386 390 388
f 391 392 393
f 392 391 394
f 394 391 395
f 393 396 391
f 396 393 397
f 398 392 394
f 392 398 399
f 398 400 399
f 400 398 401
f 390 401 388
f 401 390 400
f 402 403 404
f 403 402 405
f 163 406 164
f 406 163 407
f 406 407 408
f 395 389 394
f 389 395 387
f 409 410 411
f 384 409 385
f 409 384 395
f 409 395 391
f 395 384 387
f 410 396 412
f 396 410 391
f 391 410 409
f 413 414 415
f 414 413 416
f 417 366 367
f 366 417 418
f 419 420 421
f 420 419 422
f 422 419 423
f 423 419 424
f 423 424 425
f 420 426 427
f 426 420 428
f 428 420 429
f 429 420 422
f 426 430 431
f 430 426 432
f 432 426 433
f 433 426 428
f 430 434 435
f 434 430 436
f 436 430 437
f 437 430 432
f 418 438 366
f 438 418 434
f 438 434 436
f 439 440 441
f 440 439 442
f 439 443 442
f 443 439 444
f 444 439 445
f 443 444 446
f 444 445 447
f 448 446 444
f 449 443 446
f 450 442 443
f 419 445 424
f 445 419 447
f 447 421 444
f 421 447 419
f 420 444 421
f 444 420 448
f 448 427 446
f 427 448 420
f 426 446 427
f 446 426 449
f 449 431 443
f 431 449 426
f 430 443 431
f 443 430 450
f 450 435 442
f 435 450 430
f 434 442 435
f 442 434 440
f 440 418 441
f 418 440 434
f 441 417 439
f 417 441 418
f 161 451 162
f 451 161 452
f 451 452 453
f 454 455 456
f 377 455 378
f 455 377 456
f 456 377 457
f 457 377 458
f 458 377 459
f 459 377 460
f 460 377 461
f 461 377 462
f 462 377 463
f 463 377 464
f 464 377 465
f 466 463 464
f 467 462 463
f 468 461 462
f 469 460 461
f 470 459 460
f 471 458 459
f 472 457 458
f 473 456 457
f 364 474 475
f 474 364 365
f 476 477 478
f 477 476 479
f 480 481 482
f 481 480 483
f 481 483 484
f 484 483 485
f 486 487 488
f 487 486 489
f 487 489 490
f 487 490 491
f 491 490 492
f 493 494 495
f 494 493 496
f 495 497 498
f 497 495 494
f 499 500 501
f 500 499 502
f 500 502 503
f 503 502 504
f 504 502 505
f 506 507 508
f 507 506 509
f 508 510 511
f 510 508 507
f 510 507 512
f 512 507 513
f 513 507 514
f 515 516 517
f 516 515 518
f 516 518 519
f 516 519 520
f 520 519 521
f 522 523 524
f 523 522 525
f 523 525 526
f 526 525 527
f 527 525 528
f 529 530 531
f 530 529 532
f 533 534 535
f 534 533 536
f 534 536 537
f 537 536 538
f 538 536 539
f 540 541 542
f 541 540 543
f 541 543 544
f 544 543 545
f 545 543 546
f 547 548 549
f 548 547 550
f 548 550 551
f 551 550 552
f 552 550 553
f 554 555 556
f 555 554 557
f 557 554 558
f 558 554 559
f 559 554 560
f 561 489 486
f 489 561 562
f 482 563 564
f 563 482 481
f 563 484 562
f 484 563 481
f 563 561 564
f 561 563 562
f 488 565 566
f 565 488 487
f 496 487 491
f 487 496 565
f 565 493 566
f 493 565 496
f 567 518 515
f 518 567 568
f 569 525 522
f 525 569 570
f 571 532 529
f 532 571 572
f 573 543 540
f 543 573 574
f 575 554 556
f 554 575 576
f 577 479 476
f 479 577 578
f 579 550 547
f 550 579 580
f 501 581 582
f 581 501 500
f 509 500 503
f 500 509 581
f 581 506 582
f 506 581 509
f 511 583 584
f 583 511 510
f 583 512 568
f 512 583 510
f 583 567 584
f 567 583 568
f 517 585 586
f 585 517 516
f 570 516 520
f 516 570 585
f 585 569 586
f 569 585 570
f 524 587 588
f 587 524 523
f 572 523 526
f 523 572 587
f 587 571 588
f 571 587 572
f 535 589 590
f 589 535 534
f 574 534 537
f 534 574 589
f 589 573 590
f 573 589 574
f 542 591 592
f 591 542 541
f 580 541 544
f 541 580 591
f 591 579 592
f 579 591 580
f 549 593 594
f 593 549 548
f 576 548 551
f 548 576 593
f 593 575 594
f 575 593 576
f 555 595 596
f 595 555 557
f 595 558 578
f 558 595 557
f 595 577 596
f 577 595 578
f 597 598 599
f 598 597 600
f 601 602 600
f 602 601 603
f 604 605 606
f 605 604 607
f 598 605 607
f 605 598 608
f 598 604 599
f 604 598 607
f 609 610 611
f 610 609 603
f 612 609 613
f 609 612 614
f 615 609 611
f 609 615 613
f 612 615 616
f 615 612 613
f 610 601 617
f 601 610 603
f 133 618 619
f 618 133 132
f 620 612 616
f 612 620 133
f 612 133 621
f 621 133 622
f 622 133 619
f 133 620 141
f 141 620 134
f 134 620 139
f 139 620 137
f 137 620 135
f 135 620 136
f 409 119 385
f 119 409 623
f 119 623 618
f 119 618 132
f 119 132 151
f 119 151 140
f 119 140 120
f 385 119 136
f 385 136 624
f 624 136 625
f 625 136 620
f 625 620 626
f 625 626 627
f 625 627 628
f 625 628 629
f 625 629 630
f 137 120 140
f 120 137 135
f 134 151 132
f 151 134 139
f 618 623 631
f 612 632 614
f 632 612 621
f 606 633 634
f 633 606 605
f 634 635 636
f 635 634 633
f 637 638 639
f 638 637 640
f 635 637 636
f 637 635 640
f 640 633 641
f 633 640 635
f 642 643 644
f 643 642 638
f 638 645 639
f 645 638 642
f 645 644 646
f 644 645 642
f 647 648 649
f 648 647 650
f 651 652 653
f 652 651 654
f 644 651 646
f 651 644 654
f 655 648 656
f 648 655 649
f 657 647 658
f 647 657 659
f 647 655 658
f 655 647 649
f 652 657 653
f 657 652 659
f 659 654 660
f 654 659 652
f 648 661 656
f 661 648 662
f 661 663 664
f 663 661 662
f 663 665 664
f 665 663 666
f 601 597 617
f 597 601 600
f 663 667 666
f 667 663 662
f 665 668 669
f 668 665 666
f 668 670 669
f 670 668 671
f 668 672 671
f 672 668 673
f 674 675 676
f 675 674 672
f 670 672 677
f 672 670 671
f 676 678 679
f 678 676 680
f 676 681 678
f 681 676 676
f 681 676 675
f 681 682 678
f 682 681 683
f 683 675 684
f 675 683 681
f 685 686 687
f 686 685 688
f 689 690 691
f 690 689 692
f 693 694 695
f 694 693 696
f 697 698 699
f 698 697 700
f 698 701 696
f 701 698 700
f 698 693 699
f 693 698 696
f 697 693 702
f 693 697 699
f 703 416 413
f 416 703 704
f 705 703 413
f 703 705 695
f 694 703 695
f 703 694 704
f 694 416 704
f 416 694 706
f 707 708 709
f 708 707 710
f 711 712 713
f 712 711 714
f 715 716 717
f 716 715 718
f 415 719 720
f 719 415 414
f 718 414 721
f 414 718 719
f 719 715 720
f 715 719 718
f 415 715 722
f 715 415 720
f 723 405 402
f 405 723 724
f 725 723 402
f 723 725 717
f 716 723 717
f 723 716 724
f 716 405 724
f 405 716 726
f 727 707 728
f 707 727 713
f 729 689 730
f 689 729 687
f 394 401 398
f 401 394 388
f 388 394 389
f 672 674 677
f 731 729 732
f 729 731 733
f 734 709 735
f 709 734 728
f 709 728 707
f 736 690 737
f 690 736 691
f 618 738 739
f 738 618 631
f 740 738 741
f 738 740 739
f 730 691 736
f 691 730 689
f 742 743 727
f 743 742 744
f 690 697 737
f 697 690 700
f 733 687 729
f 687 733 685
f 738 744 741
f 744 738 714
f 745 746 747
f 746 745 734
f 734 745 728
f 618 740 619
f 740 618 739
f 748 736 737
f 736 748 730
f 746 708 747
f 708 746 709
f 709 746 735
f 743 713 727
f 713 743 711
f 708 731 747
f 731 708 688
f 731 685 733
f 685 731 688
f 744 711 743
f 711 744 714
f 404 749 750
f 749 404 403
f 750 751 752
f 751 750 749
f 753 750 752
f 750 753 404
f 741 619 740
f 619 741 622
f 749 754 751
f 754 749 403
f 682 483 480
f 483 682 755
f 755 682 756
f 756 682 757
f 757 682 683
f 757 683 684
f 757 684 758
f 758 684 759
f 760 752 761
f 752 760 753
f 759 762 763
f 762 759 751
f 751 759 684
f 751 684 752
f 752 684 761
f 762 751 754
f 762 754 764
f 385 765 383
f 765 385 624
f 766 455 767
f 768 766 769
f 766 768 369
f 369 768 770
f 369 770 771
f 455 375 378
f 375 455 371
f 371 455 369
f 369 455 766
f 361 772 773
f 772 361 363
f 773 365 361
f 365 773 474
f 774 363 362
f 363 774 772
f 362 771 774
f 771 362 369
f 775 776 777
f 776 775 778
f 778 779 780
f 779 778 775
f 775 781 779
f 781 775 777
f 782 783 784
f 783 782 785
f 786 782 787
f 782 786 785
f 782 788 787
f 788 782 784
f 789 790 791
f 790 789 792
f 792 793 794
f 793 792 789
f 789 795 793
f 795 789 791
f 796 797 798
f 797 796 799
f 799 800 801
f 800 799 796
f 796 802 800
f 802 796 798
f 803 804 805
f 804 803 806
f 806 807 808
f 807 806 803
f 803 809 807
f 809 803 805
f 810 811 812
f 811 810 813
f 813 814 815
f 814 813 810
f 810 816 814
f 816 810 812
f 817 818 819
f 818 817 820
f 820 821 822
f 821 820 817
f 817 823 821
f 823 817 819
f 824 825 826
f 825 824 827
f 827 828 829
f 828 827 824
f 826 828 824
f 828 826 830
f 831 832 833
f 832 831 834
f 835 834 836
f 834 835 837
f 838 839 840
f 839 838 841
f 842 841 838
f 841 842 831
f 831 839 841
f 839 831 833
f 843 844 835
f 844 843 845
f 846 847 843
f 847 846 848
f 843 849 845
f 849 843 847
f 850 847 848
f 847 850 849
f 837 844 851
f 844 837 835
f 360 351 350
f 351 360 355
f 342 354 356
f 354 342 352
f 852 341 853
f 341 852 854
f 853 341 855
f 855 341 350
f 350 341 360
f 360 341 356
f 356 341 342
f 341 854 353
f 353 854 624
f 353 624 625
f 353 625 856
f 856 625 857
f 857 625 858
f 858 625 859
f 859 625 860
f 860 625 861
f 848 856 850
f 856 848 244
f 244 848 862
f 244 862 863
f 244 863 864
f 856 244 246
f 856 246 351
f 856 351 355
f 856 355 354
f 856 354 352
f 856 352 353
f 865 848 846
f 848 865 862
f 855 244 864
f 244 855 350
f 855 866 853
f 867 868 869
f 868 867 870
f 868 870 871
f 868 871 872
f 872 873 874
f 873 872 871
f 873 871 875
f 875 871 876
f 872 877 868
f 840 878 838
f 878 840 879
f 880 879 881
f 879 880 878
f 882 883 884
f 883 882 885
f 880 883 885
f 883 880 881
f 878 885 886
f 885 878 880
f 887 888 889
f 888 887 882
f 882 890 888
f 890 882 884
f 889 890 891
f 890 889 888
f 892 893 894
f 893 892 895
f 896 897 898
f 897 896 899
f 889 897 899
f 897 889 891
f 894 900 901
f 900 894 893
f 895 902 903
f 902 895 904
f 895 900 893
f 900 895 903
f 896 902 904
f 902 896 898
f 899 904 905
f 904 899 896
f 901 906 894
f 906 901 907
f 908 907 909
f 907 908 906
f 908 910 911
f 910 908 909
f 837 832 834
f 832 837 851
f 912 908 911
f 908 912 906
f 913 910 914
f 910 913 911
f 914 915 913
f 915 914 916
f 917 915 918
f 915 917 913
f 919 920 918
f 920 919 921
f 918 916 922
f 916 918 915
f 923 924 925
f 924 923 921
f 926 921 925
f 921 926 920
f 921 920 921
f 925 927 926
f 927 925 928
f 920 927 929
f 927 920 926
f 930 931 932
f 931 930 933
f 934 935 936
f 935 934 937
f 938 939 940
f 939 938 941
f 942 943 944
f 943 942 945
f 945 941 946
f 941 945 942
f 944 941 942
f 941 944 939
f 944 947 939
f 947 944 943
f 948 949 950
f 949 948 951
f 940 950 949
f 950 940 952
f 940 951 938
f 951 940 949
f 953 951 948
f 951 953 938
f 954 955 956
f 955 954 957
f 958 959 960
f 959 958 961
f 962 963 964
f 963 962 965
f 966 967 968
f 967 966 969
f 969 965 970
f 965 969 966
f 966 963 965
f 963 966 968
f 968 971 963
f 971 968 967
f 972 973 974
f 973 972 975
f 964 974 973
f 974 964 976
f 962 973 975
f 973 962 964
f 977 975 972
f 975 977 962
f 957 978 979
f 978 957 959
f 937 980 981
f 980 937 931
f 982 983 984
f 983 982 985
f 985 982 986
f 918 922 919
f 980 987 988
f 987 980 989
f 979 955 957
f 955 979 990
f 955 990 991
f 992 869 868
f 869 992 993
f 869 993 994
f 994 993 995
f 995 993 996
f 994 995 997
f 997 995 998
f 994 997 999
f 999 997 1000
f 994 999 1001
f 1001 999 1002
f 994 1001 1003
f 1003 1001 1004
f 994 1003 1005
f 1005 1003 1006
f 994 1005 1007
f 1007 1005 1008
f 994 1007 1009
f 1009 1007 1010
f 994 1009 1011
f 1012 1013 1014
f 1013 1012 1015
f 1016 1017 1018
f 1017 1016 1019
f 1017 1012 1014
f 1012 1017 1019
f 1013 1020 1021
f 1020 1013 1015
f 1020 871 1021
f 871 1020 876
f 1022 1023 1024
f 1023 1022 1025
f 1026 1027 1028
f 1027 1026 1029
f 1027 1029 1030
f 1029 1026 1031
f 1032 1033 1034
f 1033 1032 1035
f 1033 1035 1036
f 1037 1038 1039
f 1038 1037 1040
f 1038 1040 1041
f 1040 1037 1042
f 1042 1037 1043
f 1044 1045 1046
f 1045 1044 780
f 780 1044 778
f 778 1044 1047
f 778 1047 776
f 1048 1049 1050
f 1049 1048 786
f 786 1048 785
f 785 1048 1051
f 785 1051 783
f 1052 1053 1054
f 1053 1052 794
f 794 1052 792
f 792 1052 1055
f 792 1055 790
f 1056 1057 1058
f 1057 1056 801
f 801 1056 799
f 799 1056 1059
f 799 1059 797
f 1060 1061 1062
f 1061 1060 1063
f 1063 1060 1064
f 1063 1064 1065
f 1064 1060 1066
f 1066 1060 1067
f 1068 1069 1070
f 1069 1068 808
f 808 1068 806
f 806 1068 1071
f 806 1071 804
f 1072 1073 1074
f 1073 1072 815
f 815 1072 813
f 813 1072 1075
f 813 1075 811
f 1076 1077 1078
f 1077 1076 822
f 822 1076 820
f 820 1076 1079
f 820 1079 818
f 1080 827 1081
f 827 1080 825
f 1081 1082 1083
f 1082 1081 829
f 829 1081 827
f 1084 1031 1085
f 1031 1084 1029
f 1029 1086 1030
f 1086 1029 1084
f 1084 1087 1086
f 1087 1084 1085
f 1088 1089 1090
f 1089 1088 1035
f 1035 1091 1036
f 1091 1035 1088
f 1088 1092 1091
f 1092 1088 1090
f 950 969 948
f 969 950 967
f 1093 1094 1095
f 1094 1093 1096
f 1094 1096 1097
f 1097 1096 852
f 852 1096 854
f 854 1096 1098
f 854 1098 1099
f 1099 1098 1100
f 986 1098 985
f 1098 986 1100
f 1101 225 227
f 225 1101 1102
f 1102 1101 1103
f 936 1104 1105
f 1104 936 935
f 1106 855 1107
f 855 1106 866
f 1106 1108 1109
f 1108 1106 1107
f 981 935 937
f 935 981 1104
f 1110 1111 978
f 1111 1110 1112
f 936 943 945
f 943 936 1105
f 989 931 933
f 931 989 980
f 1106 1112 958
f 1112 1106 1109
f 1113 1114 1115
f 1114 1113 990
f 1114 990 979
f 855 1108 1107
f 1108 855 864
f 1104 1116 1105
f 1116 1104 981
f 956 1113 1115
f 1113 956 955
f 1113 955 991
f 1110 959 961
f 959 1110 978
f 956 987 930
f 987 956 1115
f 933 987 989
f 987 933 930
f 961 1112 1110
f 1112 961 958
f 1117 1118 1119
f 1118 1117 1120
f 1119 1121 1117
f 1121 1119 1122
f 1119 1123 1122
f 1123 1119 1118
f 864 1109 1108
f 1109 864 863
f 1124 1117 1121
f 1117 1124 1120
f 624 854 765
f 765 854 383
f 1028 928 1026
f 928 1028 1125
f 928 1125 1126
f 928 1126 1127
f 928 1127 927
f 927 1127 929
f 929 1127 1128
f 929 1128 1129
f 762 1129 763
f 1129 762 1121
f 1129 1121 929
f 929 1121 1122
f 929 1122 1130
f 1121 762 1124
f 1124 762 1131
f 1122 1132 1130
f 1132 1122 1123
f 1133 1134 1135
f 1136 1137 1138
f 1137 1136 1139
f 1140 1016 1018
f 1016 1140 1134
f 1016 1134 1133
f 1016 1133 1141
f 1016 1141 1142
f 1142 1141 1139
f 1142 1139 1136
f 1143 871 870
f 871 1143 1021
f 1021 1143 1013
f 1013 1143 1014
f 1014 1143 1017
f 1017 1143 1018
f 1018 1143 1144
f 1144 1143 1145
f 1145 1143 1146
f 1147 1144 1145
f 1018 1148 1140
f 1148 1018 1144
f 1149 870 867
f 870 1149 1143
f 867 1150 1149
f 1150 867 869
f 1150 869 1151
f 1151 869 1152
f 1152 869 994
f 1153 1149 1150
f 383 1099 386
f 1099 383 854
f 386 982 390
f 982 1100 986
f 1100 982 1099
f 1099 982 386
f 392 1096 393
f 1096 392 985
f 1096 985 1098
f 1096 397 393
f 397 1096 1093
f 983 392 399
f 392 983 985
f 400 983 399
f 983 400 984
f 982 400 390
f 400 982 984
f 974 1120 972
f 1120 974 1118
f 1140 1154 1134
f 1154 1140 1148
f 1141 1155 1139
f 1155 1141 1156
f 1155 1156 1157
f 1157 1156 1158
f 1157 1158 1159
f 1159 1158 1160
f 1159 1160 1161
f 1161 1160 1162
f 1161 1162 1163
f 1163 1162 1164
f 1163 1164 1165
f 1165 1164 1166
f 1165 1166 1167
f 1167 1166 1168
f 1167 1168 1169
f 1169 1168 1170
f 1169 1170 1171
f 1171 1170 1172
f 1171 1172 1148
f 1148 1172 1154
f 1135 1173 1133
f 1173 1135 1174
f 1174 1135 1175
f 1175 1135 1176
f 1176 1135 1177
f 1177 1135 1178
f 1178 1135 1179
f 1179 1135 1180
f 1180 1135 1181
f 1181 1135 1182
f 1173 1141 1133
f 1141 1173 1156
f 1158 1173 1174
f 1173 1158 1156
f 1175 1158 1174
f 1158 1175 1160
f 1162 1175 1176
f 1175 1162 1160
f 1177 1162 1176
f 1162 1177 1164
f 1166 1177 1178
f 1177 1166 1164
f 1179 1166 1178
f 1166 1179 1168
f 1170 1179 1180
f 1179 1170 1168
f 1181 1170 1180
f 1170 1181 1172
f 1154 1181 1182
f 1181 1154 1172
f 1154 1135 1134
f 1135 1154 1182
f 1183 224 226
f 224 1183 1184
f 1184 1183 1185
f 235 1186 1187
f 1186 235 322
f 219 238 237
f 238 219 221
f 213 307 306
f 307 213 215
f 1188 1189 1190
f 1189 1188 1191
f 1191 1188 218
f 218 1188 311
f 311 1188 1192
f 311 1192 1193
f 1193 1192 1194
f 1194 1192 1195
f 1195 1192 1196
f 1192 1188 1197
f 322 1198 1186
f 1198 322 243
f 1198 243 1193
f 1193 243 238
f 1193 238 221
f 1193 221 307
f 1193 307 215
f 1193 215 311
f 1198 1193 1199
f 1198 1199 1200
f 1198 1200 1201
f 1198 1201 1202
f 1203 45 1204
f 45 1203 49
f 49 1203 1205
f 49 1205 172
f 172 1205 25
f 25 1205 23
f 23 1205 29
f 29 1205 27
f 1205 1203 1206
f 1206 1203 1207
f 1207 1203 1208
f 1208 1203 1209
f 1210 1188 1190
f 1188 1210 1211
f 1188 1211 57
f 1188 57 27
f 1188 27 1212
f 1212 27 1205
f 1212 1205 1213
f 1212 1213 1214
f 1212 1214 1215
f 1188 1212 1216
f 23 157 60
f 157 23 29
f 172 160 170
f 160 172 25
f 1204 44 1217
f 44 1204 45
f 1136 1218 1142
f 1218 1136 1219
f 1219 1136 1220
f 1142 1218 1221
f 1218 1219 1222
f 1219 1220 1189
f 1189 1220 1190
f 1221 1186 1142
f 1186 1221 1223
f 1186 1223 1187
f 1032 1087 1224
f 1087 1032 1086
f 1032 1089 1035
f 1089 1032 1224
f 1037 1092 1043
f 1092 1037 1091
f 1040 1225 1041
f 1225 1040 1226
f 1226 1042 1227
f 1042 1226 1040
f 1226 1228 1225
f 1228 1226 1227
f 1044 1228 1047
f 1228 1044 1225
f 1048 781 1051
f 781 1048 779
f 1052 788 1055
f 788 1052 787
f 1056 795 1059
f 795 1056 793
f 1060 802 1067
f 802 1060 800
f 1064 1229 1065
f 1229 1064 1230
f 1230 1066 1231
f 1066 1230 1064
f 1230 1232 1229
f 1232 1230 1231
f 1068 1232 1071
f 1232 1068 1229
f 1072 809 1075
f 809 1072 807
f 1076 816 1079
f 816 1076 814
f 1081 823 1080
f 823 1081 821
f 1022 830 1233
f 830 1022 828
f 1022 1234 1025
f 1234 1022 1233
f 1234 1233 1235
f 1236 1235 1237
f 1235 1236 1234
f 1236 1238 1239
f 1238 1236 1237
f 1234 1239 1025
f 1239 1234 1236
f 1103 1184 1185
f 1184 1103 1101
f 1184 1101 1240
f 1240 1101 1241
f 1241 1242 1243
f 1242 1241 1101
f 1242 1101 1244
f 1242 1244 1245
f 1242 1245 1246
f 1246 1245 1247
f 1246 1247 1239
f 1246 1239 1238
f 1241 1248 1240
f 494 1249 497
f 1249 494 1250
f 1249 1250 1251
f 1252 497 1249
f 497 1252 1253
f 498 1253 1254
f 1253 498 497
f 1255 502 499
f 502 1255 1252
f 1253 1255 1254
f 1255 1253 1252
f 532 1256 530
f 1256 532 1257
f 1256 1257 1258
f 1259 530 1256
f 530 1259 1260
f 531 1260 1261
f 1260 531 530
f 1262 536 533
f 536 1262 1259
f 1260 1262 1261
f 1262 1260 1259
f 479 1263 477
f 1263 479 1264
f 1263 1264 1265
f 1266 1267 1268
f 1269 1266 1270
f 1266 1269 406
f 406 1269 1271
f 1271 1269 1272
f 1272 1269 1273
f 1272 1273 1274
f 1274 1273 1275
f 1275 1273 1276
f 452 408 453
f 408 452 406
f 406 452 1267
f 406 1267 1266
f 478 1277 1278
f 1277 478 477
f 1275 477 1263
f 477 1275 1277
f 1277 1276 1278
f 1276 1277 1275
f 1204 1279 1280
f 1279 1204 1281
f 1281 1204 1217
f 1136 1282 1220
f 1282 1136 1283
f 1283 1136 1280
f 1283 1280 1279
f 1282 1283 1284
f 1220 1282 1210
f 1220 1210 1190
f 475 367 364
f 367 475 417
f 417 475 445
f 445 475 424
f 424 475 1280
f 424 1280 425
f 425 1280 1136
f 1285 1136 1138
f 1136 1285 425
f 445 439 417
o elm__8
f 187 1213 186
f 1213 187 1214
f 1208 192 1207
f 192 1208 193
f 193 1208 1286
f 1287 1208 1209
f 1208 1287 1286
f 1288 1216 1289
f 1216 1288 1188
f 183 1289 189
f 1289 183 1288
f 191 1205 1206
f 1205 191 185
f 188 1214 187
f 1214 188 1215
f 184 1215 188
f 1215 184 1212
f 1290 629 628
f 629 1290 1291
f 126 627 626
f 627 126 128
f 627 128 125
f 627 125 104
f 176 626 620
f 626 176 127
f 626 127 126
f 104 628 627
f 628 104 7
f 7 104 87
f 628 7 1290
f 1290 7 6
f 1290 6 1291
f 1291 6 9
f 87 5 7
f 5 87 90
f 5 90 8
f 8 90 10
f 1291 630 629
f 630 1291 9
f 630 9 10
f 630 10 90
f 630 90 103
f 131 3 129
f 3 131 1
f 103 625 630
f 625 103 129
f 625 129 2
f 2 129 3
f 625 2 4
f 194 1286 1287
f 1286 194 193
f 1206 192 191
f 192 1206 1207
f 186 1205 185
f 1205 186 1213
f 327 1292 1293
f 1292 327 328
f 1199 326 1200
f 326 1199 325
f 324 1194 330
f 1194 324 1193
f 1294 860 1295
f 860 1294 859
f 332 1192 329
f 1192 332 1196
f 332 1195 1196
f 1195 332 331
f 324 1199 1193
f 1199 324 325
f 331 1194 1195
f 1194 331 330
f 1200 1293 1201
f 1293 1200 327
f 327 1200 326
f 1296 1188 1288
f 1188 1296 1197
f 1293 1202 1201
f 1202 1293 1292
f 333 1288 183
f 1288 333 1296
f 346 858 266
f 858 346 857
f 857 346 348
f 857 348 347
f 262 857 347
f 857 262 856
f 856 262 257
f 269 16 273
f 16 269 13
f 13 269 11
f 11 269 14
f 12 1295 15
f 1295 12 1294
f 1294 12 14
f 1294 14 859
f 859 14 858
f 858 14 269
f 858 269 266
f 273 861 271
f 861 273 860
f 860 273 15
f 15 273 16
f 860 15 1295
f 131 18 1
f 18 131 349
f 4 861 625
f 861 4 17
f 861 17 18
f 861 18 349
f 861 349 271
o elm__10
f 1297 78 144
f 78 1297 66
f 66 91 64
f 91 66 1298
f 1298 66 1297
f 1298 1297 372
f 1298 372 373
f 1299 76 145
f 76 1299 72
f 72 1299 377
f 377 1299 465
f 1300 382 1301
f 72 143 75
f 143 72 376
f 143 376 1302
f 376 72 382
f 382 72 380
f 380 72 377
f 382 380 1301
f 1302 376 370
f 1302 370 374
f 143 1297 144
f 1297 143 1302
f 91 1303 92
f 1303 91 1298
f 1297 374 372
f 374 1297 1302
f 1303 373 368
f 373 1303 1298
f 432 1304 1305
f 1304 432 433
f 428 1306 1307
f 1306 428 429
f 422 1308 1309
f 1308 422 423
f 1310 436 1311
f 436 1310 438
f 436 1312 1311
f 1312 436 437
f 1312 432 1305
f 432 1312 437
f 1304 428 1307
f 428 1304 433
f 1306 422 1309
f 422 1306 429
f 1308 425 1285
f 425 1308 423
f 1313 1301 1314
f 1301 1313 1300
f 1315 1313 1314
f 1313 1315 1316
f 1317 1315 1318
f 1315 1317 1316
f 1319 1317 1318
f 1317 1319 1320
f 1321 1319 1322
f 1319 1321 1320
f 1323 1324 1325
f 1324 1323 1326
f 1324 1321 1322
f 1321 1324 1326
f 1327 1328 1329
f 1328 1327 1330
f 1328 1323 1325
f 1323 1328 1330
f 1331 1332 1333
f 1332 1331 1334
f 1332 1327 1329
f 1327 1332 1334
f 1335 1336 1337
f 1336 1335 1338
f 1336 1331 1333
f 1331 1336 1338
f 1339 1340 1341
f 1340 1339 1342
f 1340 1335 1337
f 1335 1340 1342
f 451 1339 1341
f 1339 451 407
f 453 407 451
f 407 453 408
f 382 1343 381
f 1343 382 1300
f 1343 1300 1344
f 1344 1300 1313
f 1344 1313 1345
f 1345 1313 1316
f 1345 1316 1346
f 1346 1316 1317
f 1346 1317 1347
f 1347 1317 1320
f 1347 1320 1348
f 1348 1320 1321
f 1348 1321 1349
f 1349 1321 1326
f 1349 1326 1350
f 1350 1326 1323
f 1350 1323 1351
f 1351 1323 1330
f 1351 1330 1352
f 1352 1330 1327
f 1352 1327 1353
f 1353 1327 1334
f 1353 1334 1354
f 1354 1334 1331
f 1354 1331 1355
f 1355 1331 1338
f 1355 1338 1356
f 1356 1338 1335
f 1356 1335 1357
f 1357 1335 1342
f 1357 1342 1358
f 1358 1342 1339
f 1358 1339 163
f 163 1339 407
f 1358 162 1359
f 162 1358 163
f 1360 1358 1359
f 1358 1360 1357
f 1356 1360 1361
f 1360 1356 1357
f 1362 1356 1361
f 1356 1362 1355
f 1354 1362 1363
f 1362 1354 1355
f 1364 1354 1363
f 1354 1364 1353
f 1352 1364 1365
f 1364 1352 1353
f 1366 1352 1365
f 1352 1366 1351
f 1367 1350 1368
f 1350 1367 1349
f 1350 1366 1368
f 1366 1350 1351
f 451 1359 162
f 1359 451 1341
f 1359 1340 1360
f 1340 1359 1341
f 1362 1336 1363
f 1336 1362 1361
f 1336 1361 1337
f 1337 1361 1360
f 1337 1360 1340
f 1364 1332 1365
f 1332 1364 1363
f 1332 1363 1333
f 1333 1363 1336
f 1366 1328 1368
f 1328 1366 1365
f 1328 1365 1329
f 1329 1365 1332
f 1367 1324 1369
f 1324 1367 1368
f 1324 1368 1325
f 1325 1368 1328
f 1370 1319 1371
f 1319 1370 1369
f 1319 1369 1322
f 1322 1369 1324
f 1372 1315 1373
f 1315 1372 1371
f 1315 1371 1318
f 1318 1371 1319
f 1373 1301 1374
f 1301 1373 1314
f 1314 1373 1315
f 1374 380 379
f 380 1374 1301
f 1348 1367 1369
f 1367 1348 1349
f 1370 1348 1369
f 1348 1370 1347
f 1346 1370 1371
f 1370 1346 1347
f 1372 1346 1371
f 1346 1372 1345
f 1344 1372 1373
f 1372 1344 1345
f 381 1374 379
f 1374 381 1343
f 1374 1344 1373
f 1344 1374 1343
f 464 1299 1375
f 1299 464 465
f 1376 464 1375
f 464 1376 466
f 463 1376 1377
f 1376 463 466
f 1378 463 1377
f 463 1378 467
f 462 1378 1379
f 1378 462 467
f 1380 462 1379
f 462 1380 468
f 461 1380 1381
f 1380 461 468
f 1382 461 1381
f 461 1382 469
f 460 1382 1383
f 1382 460 469
f 458 1384 1385
f 1384 458 471
f 1386 458 1385
f 458 1386 472
f 457 1386 1387
f 1386 457 472
f 1388 457 1387
f 457 1388 473
f 456 1388 1389
f 1388 456 473
f 1390 456 1389
f 456 1390 454
f 455 1390 767
f 1390 455 454
f 1391 460 1383
f 460 1391 470
f 459 1391 1392
f 1391 459 470
f 1384 459 1392
f 459 1384 471
f 1303 69 92
f 69 1303 70
f 366 1303 368
f 1303 366 1310
f 1303 1310 1393
f 1310 366 438
f 19 1393 22
f 1393 19 70
f 1393 70 1303
f 1393 304 22
f 304 1393 302
f 302 1393 1394
f 1394 1148 1144
f 1148 1394 1395
f 1395 1394 1393
f 1148 1395 1171
f 289 1394 288
f 1394 289 302
f 1102 1396 225
f 1397 1398 1399
f 1398 1397 1396
f 1398 1396 1400
f 1400 1396 1102
f 1399 1401 1402
f 1401 1399 1403
f 1403 1399 1398
f 1404 1405 1406
f 1405 1404 1407
f 1407 1404 1402
f 1407 1402 1401
f 1408 1409 1410
f 1409 1408 1411
f 1411 1408 1406
f 1411 1406 1405
f 1412 1413 1414
f 1413 1412 1415
f 1415 1412 1410
f 1415 1410 1409
f 1416 1417 1418
f 1417 1416 1419
f 1419 1416 1414
f 1419 1414 1413
f 1420 1421 1422
f 1421 1420 1423
f 1423 1420 1418
f 1423 1418 1417
f 1424 1425 1426
f 1425 1424 1427
f 1427 1424 1422
f 1427 1422 1421
f 1426 1153 1150
f 1153 1426 1425
f 226 1396 1428
f 1396 226 225
f 1429 1396 1397
f 1396 1429 1428
f 1429 1399 1430
f 1399 1429 1397
f 1431 1399 1402
f 1399 1431 1430
f 1431 1404 1432
f 1404 1431 1402
f 1433 1404 1406
f 1404 1433 1432
f 1433 1408 1434
f 1408 1433 1406
f 1435 1408 1410
f 1408 1435 1434
f 1436 1412 1414
f 1412 1436 1437
f 1435 1412 1437
f 1412 1435 1410
f 1152 1438 1151
f 1438 1152 1439
f 1438 1439 1440
f 1440 1439 1441
f 1440 1441 1442
f 1442 1441 1443
f 1442 1443 1444
f 1444 1443 1445
f 1444 1445 1446
f 1446 1445 1447
f 1446 1447 1448
f 1448 1447 1449
f 1448 1449 1436
f 1436 1449 1450
f 1436 1450 1437
f 1437 1450 1451
f 1437 1451 1435
f 1435 1451 1452
f 1435 1452 1434
f 1434 1452 1453
f 1434 1453 1433
f 1433 1453 1454
f 1433 1454 1432
f 1432 1454 1455
f 1432 1455 1431
f 1431 1455 1456
f 1431 1456 1430
f 1430 1456 1457
f 1430 1457 1429
f 1429 1457 1458
f 1429 1458 1428
f 1428 1458 1459
f 1428 1183 226
f 1183 1428 1459
f 1436 1416 1448
f 1416 1436 1414
f 1446 1416 1418
f 1416 1446 1448
f 1446 1420 1444
f 1420 1446 1418
f 1442 1420 1422
f 1420 1442 1444
f 1442 1424 1440
f 1424 1442 1422
f 1438 1150 1151
f 1150 1438 1426
f 1426 1440 1424
f 1440 1426 1438
f 1460 1011 1009
f 1011 1460 1461
f 1009 1462 1460
f 1462 1009 1010
f 1463 1010 1007
f 1010 1463 1462
f 1007 1464 1463
f 1464 1007 1008
f 1465 1008 1005
f 1008 1465 1464
f 1005 1466 1465
f 1466 1005 1006
f 1467 1006 1003
f 1006 1467 1466
f 1003 1468 1467
f 1468 1003 1004
f 1469 1004 1001
f 1004 1469 1468
f 1470 1000 997
f 1000 1470 1471
f 997 1472 1470
f 1472 997 998
f 1473 998 995
f 998 1473 1472
f 995 1474 1473
f 1474 995 996
f 1475 996 993
f 996 1475 1474
f 993 1476 1475
f 1476 993 992
f 877 992 868
f 992 877 1476
f 1001 1477 1469
f 1477 1001 1002
f 1478 1002 999
f 1002 1478 1477
f 999 1471 1478
f 1471 999 1000
f 1144 1479 1394
f 1479 1144 1147
f 1145 1480 1481
f 1480 1145 1146
f 1394 291 288
f 291 1394 1479
f 1480 358 1481
f 358 1480 357
f 357 297 301
f 297 357 1149
f 1149 357 1480
f 297 1149 1153
f 297 1153 1152
f 297 1152 994
f 1152 1153 1439
f 1149 1480 1143
f 1143 1480 1146
f 1425 1439 1153
f 298 1461 359
f 1461 298 297
f 1461 297 994
f 1461 994 1011
f 1138 1395 1393
f 1395 1138 1482
f 1482 1138 1137
f 1395 1482 1483
f 1483 1482 1484
f 1395 1483 1485
f 1485 1483 1486
f 1395 1485 1487
f 1487 1485 1488
f 1395 1487 1489
f 291 295 292
f 295 291 1479
f 295 1479 1481
f 1481 1479 1145
f 1145 1479 1147
f 296 1481 358
f 1481 296 295
f 1163 1488 1485
f 1488 1163 1165
f 1159 1486 1483
f 1486 1159 1161
f 1155 1484 1482
f 1484 1155 1157
f 1171 1489 1169
f 1489 1171 1395
f 1167 1489 1487
f 1489 1167 1169
f 1167 1488 1165
f 1488 1167 1487
f 1163 1486 1161
f 1486 1163 1485
f 1159 1484 1157
f 1484 1159 1483
f 1155 1137 1139
f 1137 1155 1482
f 1441 1425 1427
f 1425 1441 1439
f 1427 1443 1441
f 1443 1427 1421
f 1445 1421 1423
f 1421 1445 1443
f 1423 1447 1445
f 1447 1423 1417
f 1449 1417 1419
f 1417 1449 1447
f 1451 1413 1415
f 1413 1451 1450
f 1419 1450 1449
f 1450 1419 1413
f 1453 1409 1411
f 1409 1453 1452
f 1415 1452 1451
f 1452 1415 1409
f 1455 1405 1407
f 1405 1455 1454
f 1411 1454 1453
f 1454 1411 1405
f 1457 1401 1403
f 1401 1457 1456
f 1407 1456 1455
f 1456 1407 1401
f 1459 1398 1400
f 1398 1459 1458
f 1403 1458 1457
f 1458 1403 1398
f 1400 1183 1459
f 1183 1400 1102
f 1185 1102 1103
f 1102 1185 1183
f 1304 1312 1305
f 1306 1304 1307
f 1308 1306 1309
f 1138 1308 1285
f 1312 1310 1311
f 1310 1312 1393
f 1393 1312 1304
f 1393 1304 1306
f 1393 1306 1308
f 1393 1308 1138
o elm__12
f 1490 764 1491
f 764 1490 762
f 725 760 1492
f 760 725 753
f 753 725 404
f 404 725 402
f 710 688 708
f 688 710 1493
f 688 1494 686
f 1494 688 1493
f 1491 405 726
f 403 764 754
f 764 403 405
f 764 405 1491
f 623 738 631
f 738 623 714
f 714 1495 712
f 1495 714 623
f 410 1494 1493
f 1494 410 412
f 409 1495 623
f 1495 409 411
f 692 700 690
f 700 692 1496
f 700 1496 701
f 701 1496 1497
f 1498 416 706
f 416 1498 721
f 721 1498 1499
f 721 414 416
f 1500 1499 1498
f 1499 1500 1501
f 396 1497 1496
f 1497 396 1502
f 1502 396 397
f 705 1503 1504
f 1503 705 415
f 415 705 413
f 722 1503 415
f 748 1505 1506
f 1505 748 737
f 737 702 1505
f 702 737 697
f 694 1498 706
f 1498 1502 1500
f 1502 1498 694
f 1502 694 696
f 1502 696 701
f 1502 701 1497
f 1507 1508 1509
f 1508 1507 1510
f 1506 1511 1512
f 1511 1506 1513
f 1513 1506 1505
f 1512 644 643
f 644 1512 654
f 654 1511 660
f 1511 654 1512
f 1514 648 650
f 662 1515 667
f 1515 662 648
f 1515 648 1514
f 1504 1515 1514
f 1515 1504 1503
f 1492 761 1516
f 761 1492 760
f 675 761 684
f 761 675 672
f 761 672 673
f 761 673 1516
f 621 1517 632
f 1517 621 1518
f 614 603 609
f 603 614 602
f 602 614 632
f 602 632 1517
f 707 1493 710
f 1493 411 410
f 411 1493 707
f 411 707 713
f 411 713 712
f 411 712 1495
f 689 1496 692
f 1496 412 396
f 412 1496 689
f 412 689 687
f 412 687 686
f 412 686 1494
f 1503 725 1492
f 725 1503 717
f 717 1503 715
f 715 1503 722
f 1509 605 608
f 633 1508 641
f 1508 633 605
f 1508 605 1509
f 1508 1506 1512
f 1506 1508 1510
f 1515 1492 1516
f 1492 1515 1503
f 1513 1504 1514
f 1504 1513 1505
f 1517 1507 1509
f 1507 1517 1518
f 668 1516 673
f 1516 668 1515
f 1515 668 666
f 1515 666 667
f 647 1514 650
f 1514 647 1513
f 1513 647 659
f 1513 659 660
f 1513 660 1511
f 638 1512 643
f 1512 638 1508
f 1508 638 640
f 1508 640 641
f 598 1509 608
f 1509 598 1517
f 1517 598 600
f 1517 600 602
f 1505 705 1504
f 705 1505 695
f 695 1505 693
f 693 1505 702
f 1510 748 1506
f 748 1510 730
f 730 1510 729
f 729 1510 732
f 1518 745 1507
f 745 1518 728
f 728 1518 727
f 727 1518 742
f 745 1510 1507
f 1510 745 747
f 747 732 1510
f 732 747 731
f 622 1518 621
f 1518 622 742
f 742 622 741
f 742 741 744
f 734 735 746
f 716 1491 726
f 1491 1501 1490
f 1501 1491 716
f 1501 716 718
f 1501 718 721
f 1501 721 1499
f 1024 828 1022
f 828 1024 1082
f 828 1082 829
f 1078 814 1076
f 814 1078 1073
f 814 1073 815
f 1502 1519 1500
f 1519 1502 938
f 938 1502 941
f 941 1502 946
f 946 1502 1520
f 938 953 1519
f 1521 1522 1523
f 1522 1521 1524
f 1525 1526 1527
f 1526 1525 1528
f 1528 1525 1529
f 887 1529 1525
f 1529 887 889
f 1529 889 899
f 905 1529 899
f 892 1530 1531
f 1530 892 894
f 1530 906 912
f 906 1530 894
f 1531 1532 1533
f 1532 1531 1530
f 1534 1132 1535
f 1132 1534 1130
f 917 1130 1534
f 1130 917 920
f 1130 920 929
f 920 917 918
f 865 1536 862
f 1536 865 1537
f 846 1537 865
f 1537 846 836
f 836 846 835
f 835 846 843
f 1097 1538 1094
f 1538 1097 957
f 957 1097 959
f 959 1097 960
f 960 1097 1539
f 957 954 1538
f 1095 1540 1093
f 1540 1095 937
f 937 1095 931
f 931 1095 932
f 932 1095 1541
f 937 934 1540
f 976 1532 1535
f 1532 976 964
f 1532 964 963
f 1532 963 971
f 1247 1025 1239
f 1025 1247 1023
f 842 1524 1521
f 1524 842 838
f 1524 878 886
f 878 1524 838
f 1527 1524 1525
f 1524 1527 1522
f 1535 1530 1534
f 1530 1535 1532
f 1533 1528 1531
f 1528 1533 1526
f 1523 1537 1521
f 1537 1523 1536
f 1534 913 917
f 913 1534 1530
f 913 1530 911
f 911 1530 912
f 1531 895 892
f 895 1531 1528
f 895 1528 904
f 904 1528 905
f 905 1528 1529
f 1525 882 887
f 882 1525 1524
f 882 1524 885
f 885 1524 886
f 1521 831 842
f 831 1521 1537
f 831 1537 834
f 834 1537 836
f 952 1526 1533
f 1526 952 940
f 1526 940 939
f 1526 939 947
f 1039 1091 1037
f 1091 1039 1033
f 1091 1033 1036
f 1050 779 1048
f 779 1050 1045
f 779 1045 780
f 1034 1086 1032
f 1086 1034 1027
f 1086 1027 1030
f 1054 787 1052
f 787 1054 1049
f 787 1049 786
f 1058 793 1056
f 793 1058 1053
f 793 1053 794
f 1062 800 1060
f 800 1062 1057
f 800 1057 801
f 1074 807 1072
f 807 1074 1069
f 807 1069 808
f 1083 821 1081
f 821 1083 1077
f 821 1077 822
f 1527 1105 1116
f 1105 947 943
f 947 1105 1526
f 1526 1105 1527
f 1533 950 952
f 950 1533 967
f 967 1532 971
f 1532 967 1533
f 1519 1501 1500
f 1501 1519 1542
f 1093 1502 397
f 1502 1093 1520
f 1520 1093 1540
f 953 1542 1519
f 1542 953 970
f 970 953 948
f 970 948 969
f 936 945 934
f 934 1520 1540
f 1520 934 946
f 946 934 945
f 853 1097 852
f 1097 853 1539
f 1538 1095 1094
f 1095 1538 1541
f 866 1539 853
f 1539 866 958
f 958 866 1106
f 960 1539 958
f 977 1131 1543
f 1131 977 972
f 972 1124 1131
f 1124 972 1120
f 954 1541 1538
f 1541 954 930
f 930 954 956
f 932 1541 930
f 1116 1522 1527
f 1522 1116 981
f 1522 981 980
f 1522 980 988
f 1114 1536 1523
f 1536 1114 979
f 1536 979 978
f 1536 978 1111
f 1523 1115 1114
f 1115 988 987
f 988 1115 1522
f 1522 1115 1523
f 1109 1111 1112
f 1111 1109 863
f 1111 863 862
f 1111 862 1536
f 990 1113 991
f 1501 1543 1490
f 1543 1501 962
f 962 1501 965
f 965 1501 970
f 970 1501 1542
f 962 977 1543
f 1490 1131 762
f 1131 1490 1543
f 976 1118 974
f 1118 976 1123
f 1123 976 1535
f 1123 1535 1132
f 1046 1225 1044
f 1225 1046 1038
f 1225 1038 1041
f 1070 1229 1068
f 1229 1070 1061
f 1229 1061 1065
f 1065 1061 1063
f 562 490 489
f 490 562 485
f 485 562 484
f 496 1250 494
f 1250 496 492
f 492 496 491
f 1252 505 502
f 505 1252 1251
f 1251 1252 1249
f 509 514 507
f 514 509 504
f 504 509 503
f 568 519 518
f 519 568 513
f 513 568 512
f 570 528 525
f 528 570 521
f 521 570 520
f 572 1257 532
f 1257 572 527
f 527 572 526
f 1259 539 536
f 539 1259 1258
f 1258 1259 1256
f 574 546 543
f 546 574 538
f 538 574 537
f 580 553 550
f 553 580 545
f 545 580 544
f 576 560 554
f 560 576 552
f 552 576 551
f 578 1264 479
f 1264 578 559
f 559 578 558
f 1263 1274 1275
f 1274 1263 1265
o elm__14
f 763 1544 759
f 1544 763 1545
f 1546 177 1547
f 177 1546 178
f 1271 1548 406
f 1548 1271 1549
f 759 1550 758
f 1550 759 1544
f 175 1551 179
f 1551 175 1552
f 1553 168 167
f 168 1553 1554
f 1549 1553 1548
f 1553 1549 1555
f 1553 1555 1554
f 1554 1555 1556
f 553 560 552
f 539 546 538
f 1257 539 1258
f 528 1257 527
f 519 528 521
f 514 519 513
f 505 514 504
f 1250 505 1251
f 490 1250 492
f 483 490 485
f 546 553 545
f 553 546 1556
f 1556 546 1557
f 1557 546 539
f 1557 539 1257
f 1557 1257 528
f 1557 528 519
f 1557 519 514
f 1557 514 505
f 1557 505 1250
f 1557 1250 490
f 1557 490 483
f 560 1264 559
f 1264 560 1556
f 1556 560 553
f 755 1557 483
f 1557 755 1558
f 1559 180 1560
f 180 1559 181
f 1561 181 1559
f 181 1561 182
f 1547 182 1561
f 182 1547 177
f 1274 1555 1272
f 1555 1274 1265
f 1555 1265 1264
f 1555 1264 1556
f 1562 1267 452
f 1267 1562 1563
f 756 1558 755
f 1558 756 1564
f 1565 1566 1567
f 1566 1565 1562
f 1562 1565 1568
f 1562 1568 1563
f 758 1569 757
f 1569 758 1550
f 757 1564 756
f 1564 757 1569
f 1567 161 166
f 161 1567 1566
f 161 1566 1562
f 161 1562 452
f 1553 406 1548
f 406 1553 164
f 164 1553 167
f 1267 1565 1268
f 1565 1267 1568
f 1568 1267 1563
f 1272 1549 1271
f 1549 1272 1555
f 1570 1571 1572
f 1571 1570 1573
f 1574 1575 1576
f 1575 1574 1577
f 1578 1579 1580
f 1579 1578 1581
f 1582 1572 1571
f 1572 1582 1583
f 1582 1584 1583
f 1584 1582 1585
f 1571 1585 1582
f 1585 1571 1573
f 1584 1572 1583
f 1572 1584 1570
f 1570 1585 1573
f 1585 1570 1584
f 1586 1587 1588
f 1587 1586 1589
f 1587 1576 1588
f 1576 1587 1574
f 1574 1589 1577
f 1589 1574 1587
f 1575 1589 1586
f 1589 1575 1577
f 1586 1576 1575
f 1576 1586 1588
f 1590 1580 1579
f 1580 1590 1591
f 1590 1592 1591
f 1592 1590 1593
f 1578 1593 1581
f 1593 1578 1592
f 1593 1579 1581
f 1579 1593 1590
f 1594 1595 1596
f 1595 1594 1597
f 1598 1597 1594
f 1597 1598 1599
f 1600 1596 1595
f 1596 1600 1601
f 1602 1603 1594
f 1603 1602 1604
f 1602 1605 1604
f 1605 1602 1606
f 1604 1607 1603
f 1607 1604 1608
f 1609 1594 1603
f 1594 1609 1598
f 1600 1602 1601
f 1602 1600 1610
f 1610 1606 1602
f 1606 1610 1611
f 1598 1611 1599
f 1611 1598 1606
f 1611 1597 1599
f 1597 1611 1610
f 1609 1606 1598
f 1606 1609 1605
f 1605 1612 1613
f 1612 1605 1614
f 1615 1614 1616
f 1614 1615 1612
f 1605 1608 1604
f 1608 1605 1613
f 1615 1609 1617
f 1609 1615 1616
f 1617 1603 1607
f 1603 1617 1609
f 1608 1617 1607
f 1617 1608 1613
f 1618 1619 1620
f 1619 1618 1621
f 1622 1620 1623
f 1620 1622 1618
f 1621 1624 1619
f 1624 1621 1625
f 1626 1627 1628
f 1627 1626 1629
f 1626 1630 1631
f 1630 1626 1628
f 1629 1632 1627
f 1632 1629 1633
f 1619 1631 1630
f 1631 1619 1624
f 1627 1634 1635
f 1634 1627 1632
f 1635 1636 1637
f 1636 1635 1634
f 1621 1633 1625
f 1633 1621 1632
f 1633 1624 1625
f 1624 1633 1629
f 1638 1639 1640
f 1639 1638 1641
f 1638 1618 1622
f 1618 1638 1640
f 1634 1641 1636
f 1641 1634 1639
f 1635 1623 1620
f 1623 1635 1637
f 1637 1622 1623
f 1622 1637 1636
f 1642 1643 1644
f 1643 1642 1645
f 1646 1645 1647
f 1645 1646 1643
f 1648 1644 1649
f 1644 1648 1642
f 1650 1651 1652
f 1651 1650 1653
f 1654 1652 1655
f 1652 1654 1650
f 1653 1656 1651
f 1656 1653 1657
f 1658 1659 1660
f 1659 1658 1661
f 1661 1651 1659
f 1651 1661 1662
f 1651 1660 1659
f 1660 1651 1656
f 1656 1658 1660
f 1658 1656 1663
f 1658 1662 1661
f 1662 1658 1663
f 1664 1665 1666
f 1665 1664 1667
f 1666 1668 1669
f 1668 1666 1665
f 1670 1666 1671
f 1666 1670 1664
f 1672 1664 1673
f 1664 1672 1667
f 1665 1672 1668
f 1672 1665 1667
f 1648 1655 1652
f 1655 1648 1649
f 1649 1654 1655
f 1654 1649 1644
f 1646 1650 1654
f 1650 1646 1647
f 1674 1675 1676
f 1675 1674 1677
f 1677 1678 1675
f 1678 1677 1679
f 1678 1676 1675
f 1676 1678 1680
f 1680 1674 1676
f 1674 1680 1681
f 1674 1679 1677
f 1679 1674 1681
f 1662 1642 1648
f 1642 1662 1682
f 1663 1682 1662
f 1682 1663 1683
f 1668 1673 1669
f 1673 1668 1672
f 1666 1684 1671
f 1684 1666 1669
f 1653 1683 1657
f 1683 1653 1682
f 1683 1656 1657
f 1656 1683 1663
f 1685 1686 1687
f 1686 1685 1688
f 1688 1689 1686
f 1689 1688 1690
f 1691 1687 1686
f 1687 1691 1692
f 1693 1687 1694
f 1687 1693 1685
f 1685 1693 1695
f 1685 1696 1688
f 1696 1685 1697
f 1698 1671 1684
f 1671 1698 1670
f 1698 1664 1670
f 1664 1698 1673
f 1699 1696 1691
f 1696 1699 1700
f 1696 1700 1701
f 1696 1701 1702
f 1696 1692 1691
f 1692 1696 1697
f 1700 1686 1689
f 1686 1700 1699
f 1686 1699 1691
f 1703 1701 1700
f 1701 1703 1704
f 1701 1704 1705
f 1705 1704 1706
f 1688 1701 1690
f 1701 1688 1702
f 1702 1688 1696
f 1707 1708 1709
f 1708 1707 1710
f 1710 1711 1708
f 1711 1710 1712
f 1711 1709 1708
f 1709 1711 1713
f 1713 1707 1709
f 1707 1713 1714
f 1707 1712 1710
f 1712 1707 1714
f 1693 1715 1695
f 1715 1693 1716
f 1715 1685 1695
f 1685 1715 1697
f 1697 1715 1717
f 1694 1716 1693
f 1716 1694 1718
f 1716 1718 1719
f 1716 1717 1715
f 1717 1716 1719
f 1681 1720 1679
f 1720 1681 1721
f 1722 1721 1723
f 1721 1722 1720
f 1679 1724 1725
f 1724 1679 1720
f 1721 1680 1723
f 1680 1721 1681
f 1692 1719 1718
f 1719 1692 1697
f 1719 1697 1717
f 1692 1694 1687
f 1694 1692 1718
f 1714 1726 1712
f 1726 1714 1727
f 1724 1728 1725
f 1728 1724 1729
f 1724 1730 1729
f 1730 1724 1731
f 1728 1732 1733
f 1732 1728 1729
f 1725 1733 1734
f 1733 1725 1728
f 1735 1736 1737
f 1736 1735 1738
f 1739 1735 1737
f 1735 1739 1740
f 1738 1740 1741
f 1740 1738 1735
f 1736 1742 1743
f 1742 1736 1738
f 1739 1736 1744
f 1736 1739 1737
f 1722 1680 1678
f 1680 1722 1723
f 1745 1678 1734
f 1678 1745 1722
f 1746 1747 1748
f 1747 1746 1749
f 1747 1750 1748
f 1750 1747 1751
f 1752 1753 1754
f 1753 1752 1750
f 1750 1752 1746
f 1750 1746 1748
f 1752 1749 1746
f 1749 1752 1755
f 1756 1755 1757
f 1755 1756 1751
f 1755 1751 1749
f 1749 1751 1747
f 1750 1740 1739
f 1740 1750 1751
f 1738 1758 1742
f 1758 1738 1741
f 1758 1744 1759
f 1744 1758 1741
f 1742 1759 1743
f 1759 1742 1758
f 1759 1736 1743
f 1736 1759 1744
f 1741 1751 1756
f 1751 1741 1740
f 1750 1744 1753
f 1744 1750 1739
f 1712 1684 1711
f 1684 1712 1698
f 1679 1734 1678
f 1734 1679 1725
f 1745 1720 1722
f 1720 1745 1724
f 1669 1726 1760
f 1726 1669 1673
f 1741 1753 1744
f 1753 1741 1756
f 1732 1734 1733
f 1734 1732 1745
f 1760 1713 1711
f 1713 1760 1761
f 1712 1673 1698
f 1673 1712 1726
f 1756 1754 1753
f 1754 1756 1757
f 1754 1755 1752
f 1755 1754 1757
f 1762 1763 1764
f 1763 1762 1765
f 1763 1766 1767
f 1766 1763 1765
f 1767 1764 1763
f 1764 1767 1768
f 1768 1767 1769
f 1770 1764 1771
f 1764 1770 1762
f 1762 1766 1765
f 1766 1762 1772
f 1766 1772 1773
f 1774 1731 1775
f 1731 1774 1730
f 1775 1724 1745
f 1724 1775 1731
f 1774 1745 1732
f 1745 1774 1775
f 1729 1774 1732
f 1774 1729 1730
f 1669 1711 1684
f 1711 1669 1760
f 1760 1727 1761
f 1727 1760 1726
f 1727 1713 1761
f 1713 1727 1714
f 1767 1773 1769
f 1773 1767 1766
f 1773 1768 1769
f 1768 1773 1772
f 1706 1776 1777
f 1776 1706 1704
f 1704 1689 1776
f 1689 1704 1703
f 1689 1703 1700
f 1690 1776 1689
f 1776 1690 1777
f 1690 1706 1777
f 1706 1690 1705
f 1705 1690 1701
f 1778 1779 1780
f 1779 1778 1781
f 1779 1782 1780
f 1782 1779 1783
f 1778 1782 1784
f 1782 1778 1780
f 1785 1781 1778
f 1781 1785 1786
f 1783 1781 1787
f 1781 1783 1779
f 1782 1788 1789
f 1788 1782 1783
f 1790 1782 1789
f 1782 1790 1784
f 1785 1784 1791
f 1784 1785 1778
f 1792 1786 1793
f 1786 1792 1787
f 1786 1787 1781
f 1787 1788 1783
f 1788 1787 1794
f 1793 1771 1791
f 1771 1793 1795
f 1771 1795 1770
f 1796 1791 1771
f 1791 1796 1785
f 1787 1791 1784
f 1791 1787 1792
f 1791 1792 1793
f 1795 1797 1770
f 1797 1795 1793
f 1797 1793 1798
f 1798 1793 1786
f 1794 1784 1790
f 1784 1794 1787
f 1788 1790 1789
f 1790 1788 1794
f 1796 1786 1785
f 1786 1796 1798
f 1798 1796 1797
f 1768 1797 1796
f 1797 1768 1772
f 1770 1772 1762
f 1772 1770 1797
f 1768 1771 1764
f 1771 1768 1796
f 1799 1800 1801
f 1800 1799 1802
f 1802 1803 1800
f 1803 1802 1804
f 1805 1800 1803
f 1800 1805 1806
f 1800 1806 1801
f 1801 1806 1807
f 1807 1799 1801
f 1799 1807 1808
f 1808 1807 1809
f 1809 1807 1810
f 1808 1802 1799
f 1802 1808 1811
f 1804 1805 1803
f 1805 1804 1812
f 1802 1812 1804
f 1812 1802 1813
f 1813 1807 1806
f 1807 1813 1810
f 1810 1813 1814
f 1815 1802 1811
f 1802 1815 1813
f 1813 1815 1814
f 1809 1814 1815
f 1814 1809 1810
f 1812 1806 1805
f 1806 1812 1813
f 1808 1815 1811
f 1815 1808 1809
f 1816 1817 1818
f 1817 1816 1819
f 1820 1817 1821
f 1817 1820 1818
f 1820 1816 1818
f 1816 1820 1822
f 1823 1819 1816
f 1819 1823 1824
f 1819 1825 1817
f 1825 1819 1826
f 1827 1828 1829
f 1828 1827 1830
f 1830 1831 1828
f 1831 1830 1832
f 1829 1833 1834
f 1833 1829 1828
f 1835 1827 1829
f 1827 1835 1836
f 1830 1836 1832
f 1836 1830 1827
f 1837 1838 1839
f 1838 1837 1840
f 1838 1841 1839
f 1841 1838 1842
f 1837 1843 1844
f 1843 1837 1839
f 1845 1840 1837
f 1840 1845 1846
f 1838 1846 1842
f 1846 1838 1840
f 1821 1825 1847
f 1825 1821 1817
f 1826 1848 1849
f 1848 1826 1819
f 1826 1850 1825
f 1850 1826 1851
f 1852 1853 1854
f 1853 1852 1855
f 1855 1856 1857
f 1856 1855 1852
f 1857 1853 1855
f 1853 1857 1858
f 1854 1859 1860
f 1859 1854 1853
f 1828 1854 1833
f 1854 1828 1852
f 1861 1862 1863
f 1862 1861 1864
f 1865 1864 1861
f 1864 1865 1866
f 1867 1862 1864
f 1862 1867 1868
f 1862 1869 1863
f 1869 1862 1870
f 1865 1863 1869
f 1863 1865 1861
f 1868 1871 1872
f 1871 1868 1867
f 1872 1862 1868
f 1862 1872 1870
f 1873 1864 1874
f 1864 1873 1867
f 1875 1854 1860
f 1854 1875 1876
f 1853 1877 1859
f 1877 1853 1858
f 1875 1859 1877
f 1859 1875 1860
f 1878 1864 1866
f 1864 1878 1874
f 1879 1874 1880
f 1874 1879 1873
f 1873 1879 1881
f 1873 1881 1882
f 1867 1883 1871
f 1883 1867 1873
f 1824 1848 1819
f 1848 1824 1884
f 1822 1823 1816
f 1823 1822 1885
f 1824 1885 1884
f 1885 1824 1823
f 1886 1887 1888
f 1887 1886 1889
f 1890 1886 1888
f 1886 1890 1891
f 1892 1889 1886
f 1889 1892 1893
f 1889 1894 1887
f 1894 1889 1895
f 1890 1887 1894
f 1887 1890 1888
f 1839 1886 1843
f 1886 1839 1892
f 1896 1886 1891
f 1886 1896 1843
f 1892 1841 1897
f 1841 1892 1839
f 1898 1833 1899
f 1833 1898 1834
f 1898 1829 1834
f 1829 1898 1835
f 1900 1843 1896
f 1843 1900 1844
f 1900 1837 1844
f 1837 1900 1845
f 1899 1854 1876
f 1854 1899 1833
f 1852 1831 1856
f 1831 1852 1828
f 1851 1849 1901
f 1849 1851 1826
f 1851 1902 1850
f 1902 1851 1901
f 1825 1903 1904
f 1903 1825 1850
f 1905 1906 1907
f 1906 1905 1908
f 1909 1906 1908
f 1906 1909 1910
f 1911 1906 1912
f 1906 1911 1907
f 1913 1907 1914
f 1907 1913 1905
f 1908 1915 1909
f 1915 1908 1905
f 1893 1897 1916
f 1897 1893 1892
f 1916 1889 1893
f 1889 1916 1895
f 1917 1907 1911
f 1907 1917 1918
f 1906 1919 1912
f 1919 1906 1910
f 1917 1912 1919
f 1912 1917 1911
f 1920 1921 1922
f 1921 1920 1923
f 1924 1922 1925
f 1922 1924 1920
f 1920 1924 1926
f 1923 1927 1928
f 1927 1923 1920
f 1923 1914 1921
f 1914 1923 1913
f 1929 1921 1930
f 1921 1929 1922
f 1913 1928 1931
f 1928 1913 1923
f 1930 1914 1932
f 1914 1930 1921
f 1905 1931 1915
f 1931 1905 1913
f 1932 1907 1918
f 1907 1932 1914
f 1933 1934 1935
f 1934 1933 1936
f 1936 1937 1934
f 1937 1936 1938
f 1939 1937 1940
f 1937 1939 1934
f 1934 1939 1935
f 1939 1933 1935
f 1933 1939 1941
f 1941 1939 1942
f 1941 1936 1933
f 1936 1941 1943
f 1938 1940 1937
f 1940 1938 1944
f 1938 1945 1944
f 1945 1938 1936
f 1946 1936 1943
f 1936 1946 1945
f 1947 1948 1949
f 1948 1947 1950
f 1951 1952 1953
f 1952 1951 1954
f 1950 1953 1948
f 1953 1950 1951
f 1955 1956 1957
f 1956 1955 1958
f 1959 1949 1960
f 1949 1959 1947
f 1947 1959 1961
f 1962 1963 1964
f 1963 1962 1965
f 1966 1967 1968
f 1967 1966 1969
f 1970 1971 1972
f 1971 1970 1973
f 1974 1975 1976
f 1975 1974 1977
f 1972 1978 1970
f 1978 1972 1975
f 1975 1972 1979
f 1975 1979 1976
f 1972 1980 1979
f 1980 1972 1971
f 1981 1978 1982
f 1978 1981 1983
f 1984 1985 1986
f 1985 1984 1987
f 1988 1982 1989
f 1982 1988 1981
f 1975 1990 1991
f 1990 1975 1977
f 1992 1993 1994
f 1993 1992 1995
f 1996 1997 1998
f 1997 1996 1999
f 1997 1999 2000
f 2001 2000 1999
f 2000 2001 2002
f 2000 2002 2003
f 2004 2005 2006
f 2005 2004 2007
f 1995 2005 2007
f 2005 1995 2008
f 2005 2008 2009
f 2006 1993 2004
f 1993 2006 2010
f 2010 2006 2011
f 2009 2010 2011
f 2010 2009 2008
f 2012 2013 2014
f 2013 2012 2015
f 2016 2017 2018
f 2017 2016 2019
f 2010 2020 2021
f 2020 2010 2008
f 2022 2023 2024
f 2023 2022 2002
f 2002 2022 2003
f 1998 2025 1996
f 2025 1998 2023
f 2023 1998 2024
f 2026 1881 1879
f 1881 2026 2027
f 1882 1883 1873
f 1883 1882 2028
f 1926 1927 1920
f 1927 1926 2029
f 2030 1825 1904
f 1825 2030 1847
f 2031 1879 1880
f 1879 2031 2026
f 2032 1924 1925
f 1924 2032 2033
f 1850 2034 1903
f 2034 1850 1902
f 1960 2035 1959
f 2035 1960 2036
f 2037 1947 1961
f 1947 2037 2038
f 2030 1903 2034
f 1903 2030 1904
f 1882 2027 2028
f 2027 1882 1881
f 2031 1874 1878
f 1874 2031 1880
f 2032 1922 1929
f 1922 2032 1925
f 1926 2033 2029
f 2033 1926 1924
f 2039 1952 1954
f 1952 2039 2040
f 1943 1942 1946
f 1942 1943 1941
f 2036 1949 2041
f 1949 2036 1960
f 2041 1948 2042
f 1948 2041 1949
f 1961 2035 2037
f 2035 1961 1959
f 1950 2038 2043
f 2038 1950 1947
f 2044 1952 2040
f 1952 2044 1953
f 2042 1953 2044
f 1953 2042 1948
f 1951 2043 2045
f 2043 1951 1950
f 1954 2045 2039
f 2045 1954 1951
f 2046 2047 2048
f 2047 2046 2049
f 2049 2050 2047
f 2050 2049 2051
f 1969 2052 2046
f 2052 1969 2053
f 2054 1967 2048
f 1967 2054 2055
f 1983 1970 1978
f 1970 1983 1973
f 1963 1968 1964
f 1968 1963 1966
f 1969 1963 1965
f 1963 1969 1966
f 1967 1964 1968
f 1964 1967 1962
f 2056 1962 2057
f 1962 2056 1965
f 2055 1962 1967
f 1962 2055 2057
f 1965 2053 1969
f 2053 1965 2056
f 2050 2058 2054
f 2058 2050 2059
f 2051 2059 2050
f 2059 2051 2060
f 2055 2056 2057
f 2056 2055 2053
f 2060 2052 2061
f 2052 2060 2051
f 2058 2052 2054
f 2052 2058 2061
f 2059 2061 2058
f 2061 2059 2060
f 2050 2048 2047
f 2048 2050 2054
f 2046 2051 2049
f 2051 2046 2052
f 1983 1971 1973
f 1971 1983 1977
f 1971 1977 1980
f 1980 1977 1974
f 1979 1974 1976
f 1974 1979 1980
f 1991 2062 2063
f 2062 1991 1990
f 2062 1984 2063
f 1984 2062 1987
f 1987 1990 1981
f 1990 1987 2062
f 1991 1984 1982
f 1984 1991 2063
f 1989 1984 1986
f 1984 1989 1982
f 1985 1989 1986
f 1989 1985 1988
f 1981 1985 1987
f 1985 1981 1988
f 1975 1982 1978
f 1982 1975 1991
f 1981 1977 1983
f 1977 1981 1990
f 1995 2004 1993
f 2004 1995 2007
f 2001 1996 2025
f 1996 2001 1999
f 2006 2009 2011
f 2009 2006 2005
f 1957 2064 2065
f 2064 1957 1956
f 2064 2016 2065
f 2016 2064 2019
f 1957 2016 2013
f 2016 1957 2065
f 2019 1956 2015
f 1956 2019 2064
f 2066 1994 2067
f 1994 2066 2068
f 1994 2068 1992
f 2015 2067 2013
f 2067 2015 2069
f 2067 2069 2066
f 2015 2017 2019
f 2017 2015 2012
f 2017 2014 2018
f 2014 2017 2012
f 2014 2016 2018
f 2016 2014 2013
f 2021 1958 1955
f 1958 2021 2070
f 2070 2021 2020
f 2069 1958 2066
f 1958 2069 2015
f 1958 2015 1956
f 2068 2020 1992
f 2020 2068 2066
f 2020 2066 2070
f 2070 2066 1958
f 1992 2008 1995
f 2008 1992 2020
f 2010 1994 1993
f 1994 2010 2021
f 2021 2067 1994
f 2067 2021 1955
f 1955 2013 2067
f 2013 1955 1957
f 2071 2072 2073
f 2072 2071 2074
f 2074 2075 2072
f 2075 2074 2076
f 2077 2071 2073
f 2071 2077 2078
f 2078 2077 2079
f 2079 2077 2080
f 2079 2081 2082
f 2081 2079 2080
f 2078 2074 2071
f 2074 2078 2083
f 2078 2082 2083
f 2082 2078 2079
f 2082 2074 2083
f 2074 2082 2084
f 2084 2082 2081
f 2085 2072 2075
f 2072 2085 2086
f 2072 2086 2073
f 2073 2086 2077
f 2074 2087 2076
f 2087 2074 2084
f 2087 2075 2076
f 2075 2087 2085
f 2088 2025 2089
f 2025 2088 2001
f 2023 2089 2025
f 2089 2023 2090
f 1997 2003 2022
f 2003 1997 2000
f 1998 2022 2024
f 2022 1998 1997
f 2091 2001 2088
f 2001 2091 2002
f 2023 2091 2090
f 2091 2023 2002
f 2092 2091 2088
f 2091 2092 2093
f 2091 2093 2094
f 2091 2094 2095
f 2096 2097 2098
f 2097 2096 2099
f 2100 2097 2101
f 2097 2100 2098
f 2090 2101 2089
f 2101 2090 2100
f 2093 2089 2101
f 2089 2093 2092
f 2089 2092 2088
f 2090 2094 2100
f 2094 2090 2095
f 2095 2090 2091
f 2099 2101 2097
f 2101 2099 2093
f 2099 2094 2093
f 2094 2099 2096
f 2100 2096 2098
f 2096 2100 2094
f 2084 2077 2086
f 2077 2084 2080
f 2080 2084 2081
f 2087 2086 2085
f 2086 2087 2084
f 1560 179 1551
f 179 1560 180
f 1600 1595 1597
f 1600 1597 1610
f 1601 1594 1596
f 1601 1602 1594
f 1628 1619 1630
f 1619 1628 1627
f 1557 1554 1556
f 1554 1557 1552
f 1554 175 168
f 175 1554 1552
f 1613 1615 1617
f 1615 1613 1612
f 1616 1605 1609
f 1605 1616 1614
f 1969 2048 1967
f 2048 1969 2046
f 1624 1626 1631
f 1626 1624 1629
f 2054 2053 2055
f 2053 2054 2052
f 1636 1638 1622
f 1638 1636 1641
f 1618 1632 1621
f 1632 1618 1634
f 1650 1682 1653
f 1682 1650 1642
f 1662 1652 1651
f 1652 1662 1648
f 1644 1646 1654
f 1646 1644 1643
f 1647 1642 1650
f 1642 1647 1645
f 1627 1620 1619
f 1620 1627 1635
f 1640 1634 1618
f 1634 1640 1639
f 2102 39 2103
f 39 2102 38
f 2102 2104 2105
f 2104 2102 2103
f 39 2104 2103
f 2104 39 41
f 36 2104 41
f 2104 36 2105
f 2105 38 2102
f 38 2105 36
f 1558 1552 1557
f 1552 1558 1551
f 1560 1551 1558
f 1564 1560 1558
f 1559 1560 1564
f 1569 1559 1564
f 1561 1559 1569
f 1550 1561 1569
f 1550 1547 1561
f 1547 1545 1546
f 1545 1547 1550
f 1545 1550 1544
f 2106 2107 2108
f 2108 2107 2109
f 2110 2111 2112
f 2111 2113 2112
f 2114 2115 2116
f 2115 2114 2117
f 2118 2119 2120
f 2119 2118 2121
f 241 2118 231
f 2118 241 2121
f 2122 2123 2124
f 2123 2122 2125
f 2126 2127 2128
f 2127 2126 2129
f 2130 2131 2132
f 2131 2130 2133
f 2134 2135 2136
f 2135 2134 2137
f 2138 2139 2140
f 2139 2138 2141
f 2142 2143 2144
f 2143 2142 2145
f 2146 2147 2148
f 2147 2146 2149
f 2150 2151 2152
f 2151 2150 2153
f 2154 2155 2156
f 2155 2154 2157
f 2158 2159 2160
f 2159 2158 2161
f 2162 2151 2153
f 2151 2162 2163
f 2164 2115 2117
f 2115 2164 2165
f 2166 2147 2149
f 2147 2166 2167
f 2168 1848 1884
f 1848 2168 2169
f 2170 1890 1894
f 1890 2170 2171
f 2172 2173 2174
f 2173 2172 2175
f 1831 2176 1856
f 2176 1831 2177
f 2178 2179 2180
f 2179 2178 2172
f 2181 1899 1876
f 1899 2181 2182
f 2183 1902 1901
f 1902 2183 2184
f 2185 1910 1909
f 1910 2185 2178
f 1849 2183 1901
f 2183 1849 2186
f 2178 2175 2172
f 2175 2178 2185
f 2187 1845 1900
f 1845 2187 2188
f 2189 2190 2191
f 2190 2189 2184
f 2192 315 2193
f 315 2192 316
f 2194 2195 2196
f 2195 2194 2197
f 2198 1885 1822
f 1885 2198 2199
f 1885 2168 1884
f 2168 1885 2199
f 2200 2197 2194
f 2197 2200 2201
f 2200 1894 1895
f 1894 2200 2170
f 2170 2194 2171
f 2194 2170 2200
f 2171 1891 1890
f 1891 2171 2194
f 1841 2197 1897
f 2197 1841 2195
f 2196 1900 1896
f 1900 2196 2187
f 2202 1835 1898
f 1835 2202 2203
f 2182 1898 1899
f 1898 2182 2202
f 2194 1896 1891
f 1896 2194 2196
f 2204 2205 2206
f 2205 2204 2207
f 2208 1831 1832
f 1831 2208 2177
f 2169 2199 2198
f 2199 2169 2168
f 2209 2210 2211
f 2210 2209 2212
f 2213 2214 2215
f 2214 2213 2216
f 2206 2217 2218
f 2217 2206 2205
f 2219 2220 2221
f 2220 2219 2222
f 2222 2219 2223
f 2224 2225 2226
f 2225 2224 2209
f 2227 2210 2212
f 2210 2227 2223
f 2228 2222 2229
f 2222 2228 2211
f 2230 2231 2232
f 2231 2230 2233
f 2231 2233 2234
f 2219 2205 2207
f 2205 2219 2235
f 2205 2235 2236
f 2204 2222 2211
f 2222 2204 2220
f 2220 2204 2221
f 2237 1822 1820
f 1822 2237 2198
f 2215 2238 2239
f 2238 2215 2214
f 2206 2221 2204
f 2221 2206 2240
f 2240 2206 2241
f 2177 2202 2182
f 2202 2177 2203
f 2242 2241 2243
f 2241 2242 2236
f 2244 2245 2214
f 2245 2244 2246
f 2247 2248 2249
f 2248 2247 2250
f 2250 2247 2245
f 2246 2250 2245
f 2214 2247 2238
f 2247 2214 2245
f 2236 2217 2205
f 2217 2236 2242
f 2211 2207 2204
f 2207 2211 2210
f 2190 2169 2251
f 2169 2190 2186
f 2251 1820 1821
f 1820 2251 2237
f 2226 2222 2224
f 2222 2226 2229
f 2223 2224 2222
f 2224 2223 2227
f 2248 2252 2249
f 2252 2248 2216
f 2216 2248 2253
f 2216 2254 2252
f 2254 2216 2213
f 2177 2255 2203
f 2255 2177 2208
f 2215 2254 2213
f 2254 2215 2239
f 2251 2198 2237
f 2198 2251 2169
f 2256 2216 2253
f 2216 2256 2214
f 2214 2256 2244
f 2209 2228 2225
f 2228 2209 2211
f 2228 2226 2225
f 2226 2228 2229
f 2256 2246 2244
f 2246 2256 2250
f 2253 2250 2256
f 2250 2253 2248
f 2232 2257 2230
f 2257 2232 2258
f 2259 2257 2258
f 2257 2259 2260
f 2260 2259 2261
f 2258 2231 2259
f 2231 2258 2232
f 2227 2209 2224
f 2209 2227 2212
f 2223 2207 2210
f 2207 2223 2219
f 2236 2240 2241
f 2240 2236 2221
f 2221 2236 2235
f 2221 2235 2219
f 2238 2254 2239
f 2254 2238 2252
f 2252 2238 2247
f 2252 2247 2249
f 2262 2263 2264
f 2263 2262 2265
f 2154 2158 2266
f 2158 2154 2151
f 2267 2152 2156
f 2152 2267 2268
f 2156 2151 2154
f 2151 2156 2152
f 2160 2157 2269
f 2157 2160 2153
f 2162 2161 2163
f 2161 2162 2159
f 2159 2153 2160
f 2153 2159 2162
f 2270 2144 2271
f 2144 2270 2142
f 2270 2165 2164
f 2165 2270 2271
f 2143 2149 2144
f 2149 2143 2166
f 2147 2145 2142
f 2145 2147 2167
f 2166 2145 2167
f 2145 2166 2143
f 2272 2137 2134
f 2137 2272 2273
f 2272 2148 2273
f 2148 2272 2146
f 2144 2165 2271
f 2165 2144 2149
f 2149 2115 2165
f 2115 2149 2146
f 2135 2117 2114
f 2117 2135 2137
f 2146 2134 2115
f 2134 2146 2272
f 2114 2136 2135
f 2136 2114 2116
f 2115 2136 2116
f 2136 2115 2134
f 2137 2148 2117
f 2148 2137 2273
f 2164 2142 2270
f 2142 2164 2147
f 2117 2147 2164
f 2147 2117 2148
f 2274 2124 2275
f 2124 2274 2122
f 2127 2274 2276
f 2274 2127 2122
f 2127 2125 2122
f 2125 2127 2129
f 2124 2277 2275
f 2277 2124 2128
f 2126 2125 2129
f 2125 2126 2123
f 2123 2128 2124
f 2128 2123 2126
f 2278 2127 2279
f 2127 2278 2128
f 2280 2109 2281
f 2109 2280 2108
f 2281 2279 2280
f 2279 2281 2278
f 2278 2109 2113
f 2109 2278 2281
f 2113 2107 2112
f 2107 2113 2109
f 2111 2127 2276
f 2127 2111 2279
f 2274 2277 2276
f 2277 2274 2275
f 2128 2113 2277
f 2113 2128 2278
f 2276 2113 2111
f 2113 2276 2277
f 2110 2107 2106
f 2107 2110 2112
f 2108 2279 2111
f 2279 2108 2280
f 2106 2111 2110
f 2111 2106 2108
f 2282 2283 2284
f 2283 2282 2285
f 1578 2283 1592
f 2283 1578 2284
f 1592 2285 1591
f 2285 1592 2283
f 2285 1580 1591
f 1580 2285 2282
f 2286 2287 2288
f 2287 2286 2289
f 2288 2290 2291
f 2290 2288 2287
f 2290 2292 2291
f 2292 2290 2293
f 2293 2286 2292
f 2286 2293 2289
f 2293 2287 2289
f 2287 2293 2290
f 2294 2295 2296
f 2295 2294 2297
f 2298 2294 2296
f 2294 2298 2299
f 2297 2300 2295
f 2300 2297 2301
f 2297 2299 2301
f 2299 2297 2294
f 2300 2299 2298
f 2299 2300 2301
f 2298 2295 2300
f 2295 2298 2296
f 2288 2292 2286
f 2292 2288 2291
f 2282 1578 1580
f 1578 2282 2284
f 1244 2302 1245
f 2302 1244 2303
f 1248 2304 1240
f 2304 1248 2305
f 2305 1248 2306
f 2307 230 2308
f 230 2307 227
f 227 2307 1101
f 2309 1184 2310
f 1184 2309 224
f 224 2309 229
f 229 2309 2311
f 1126 2312 1127
f 2312 1126 2313
f 1127 2314 1128
f 2314 1127 2312
f 2309 2306 2311
f 2306 2309 2310
f 2306 2310 2305
f 2305 2310 2304
f 1125 2313 1126
f 2313 1125 2315
f 2304 1184 1240
f 1184 2304 2310
f 2316 2317 2318
f 2317 2316 2319
f 2320 2321 2322
f 2321 2320 2323
f 2155 2263 2265
f 2263 2155 2324
f 2324 2264 2263
f 2264 2324 2267
f 2264 2156 2262
f 2156 2264 2267
f 2262 2155 2265
f 2155 2262 2156
f 2325 2326 2327
f 2326 2325 2328
f 2329 2330 2331
f 2330 2329 2332
f 2333 2325 2334
f 2325 2333 2335
f 2336 2243 2337
f 2243 2336 2242
f 2242 2336 2338
f 2338 2217 2242
f 2217 2338 2339
f 2266 2157 2154
f 2157 2266 2269
f 2340 2341 2342
f 2341 2340 2343
f 2344 2345 2346
f 2345 2344 2347
f 2218 2348 2349
f 2348 2218 2217
f 2348 2217 2339
f 2350 2351 2352
f 2351 2350 2353
f 2354 2355 2356
f 2355 2354 2357
f 2358 2359 2360
f 2359 2358 2356
f 2325 2361 2328
f 2361 2325 2335
f 2151 2161 2158
f 2161 2151 2163
f 2320 2362 2363
f 2362 2320 2322
f 2266 2160 2269
f 2160 2266 2158
f 2333 2361 2335
f 2361 2333 2364
f 2332 2341 2343
f 2341 2332 2329
f 2365 2366 2367
f 2366 2365 2368
f 2345 2365 2329
f 2365 2345 2368
f 2369 2355 2357
f 2355 2369 2370
f 2367 2347 2341
f 2347 2367 2366
f 2347 2368 2345
f 2368 2347 2366
f 2363 2323 2320
f 2323 2363 2371
f 2372 2363 2362
f 2363 2372 2371
f 2321 2362 2322
f 2362 2321 2372
f 2153 2155 2157
f 2155 2153 2150
f 2150 2324 2155
f 2324 2150 2373
f 2365 2341 2329
f 2341 2365 2367
f 2342 2347 2344
f 2347 2342 2341
f 2373 2152 2268
f 2152 2373 2150
f 2373 2267 2324
f 2267 2373 2268
f 2374 2375 2376
f 2375 2374 2377
f 2259 2374 2376
f 2374 2259 2231
f 2375 2378 2376
f 2378 2375 2379
f 2375 2380 2381
f 2380 2375 2377
f 2380 2377 2382
f 2383 2377 2374
f 2377 2383 2384
f 2344 2331 2342
f 2331 2344 2346
f 2345 2331 2346
f 2331 2345 2329
f 2383 2385 2378
f 2385 2383 2261
f 2261 2383 2234
f 2234 2383 2386
f 2384 2378 2379
f 2378 2384 2383
f 2376 2261 2259
f 2261 2376 2385
f 2385 2376 2378
f 2234 2260 2261
f 2260 2234 2257
f 2257 2234 2233
f 2257 2233 2230
f 2234 2374 2231
f 2374 2234 2386
f 2374 2386 2383
f 2387 2388 2389
f 2388 2387 2390
f 2387 2330 2390
f 2330 2387 2340
f 2389 2340 2387
f 2340 2389 2353
f 2351 2389 2388
f 2389 2351 2353
f 2330 2388 2390
f 2388 2330 2351
f 2391 2380 2382
f 2380 2391 2392
f 2393 2377 2384
f 2377 2393 2391
f 2377 2391 2382
f 2381 2394 2395
f 2394 2381 2392
f 2392 2381 2380
f 2393 2392 2391
f 2392 2393 2394
f 2396 2372 2321
f 2372 2396 2397
f 2397 2398 2399
f 2398 2397 2396
f 2334 2321 2400
f 2321 2334 2396
f 2399 2372 2397
f 2372 2399 2371
f 2394 2379 2395
f 2379 2394 2384
f 2384 2394 2393
f 2381 2379 2375
f 2379 2381 2395
f 2332 2351 2330
f 2351 2332 2352
f 2401 2400 2402
f 2400 2401 2334
f 2364 2334 2401
f 2334 2364 2333
f 2326 2401 2402
f 2401 2326 2328
f 2326 2400 2327
f 2400 2326 2402
f 2403 2404 2405
f 2404 2403 2358
f 2405 2406 2403
f 2406 2405 2370
f 2370 2404 2355
f 2404 2370 2405
f 2404 2360 2407
f 2360 2404 2358
f 2358 2406 2356
f 2406 2358 2403
f 2371 2398 2323
f 2398 2371 2399
f 2323 2325 2327
f 2325 2323 2398
f 2408 2409 2410
f 2409 2408 2411
f 2408 2412 2369
f 2412 2408 2410
f 2354 2319 2316
f 2319 2354 2412
f 2319 2412 2409
f 2409 2412 2410
f 2319 2411 2317
f 2411 2319 2409
f 2317 2357 2318
f 2357 2317 2369
f 2369 2317 2411
f 2369 2411 2408
f 2370 2412 2406
f 2412 2370 2369
f 2413 2404 2407
f 2404 2413 2355
f 2359 2355 2413
f 2355 2359 2356
f 2359 2407 2360
f 2407 2359 2413
f 2342 2330 2340
f 2330 2342 2331
f 2396 2325 2398
f 2325 2396 2334
f 2349 2336 2337
f 2336 2349 2348
f 2356 2412 2354
f 2412 2356 2406
f 2316 2357 2354
f 2357 2316 2318
f 2218 2241 2206
f 2241 2218 2243
f 2352 2343 2350
f 2343 2352 2332
f 2327 2321 2323
f 2321 2327 2400
f 2349 2243 2218
f 2243 2349 2337
f 2338 2348 2339
f 2348 2338 2336
f 2353 2343 2340
f 2343 2353 2350
f 2328 2364 2401
f 2364 2328 2361
f 2414 321 2415
f 321 2414 320
f 2416 2415 2417
f 2415 2416 2414
f 2416 320 2414
f 320 2416 319
f 319 2417 318
f 2417 319 2416
f 321 2417 2415
f 2417 321 318
f 2315 2119 2121
f 2315 2121 2192
f 2193 2315 2192
f 2313 2315 2193
f 2418 2313 2193
f 2312 2313 2418
f 2419 2312 2418
f 2314 2312 2419
f 2314 2419 2420
f 1545 2420 1546
f 2420 1545 2314
f 2314 1545 2421
f 1129 1545 763
f 1545 1129 2421
f 2420 178 1546
f 178 2420 317
f 2120 1082 1024
f 1082 2120 1083
f 1083 2120 1077
f 1077 2120 1078
f 1078 2120 1073
f 1073 2120 1074
f 1074 2120 2119
f 1074 2119 1070
f 1074 1070 1069
f 1070 2119 1062
f 1070 1062 1061
f 1062 2119 1058
f 1062 1058 1057
f 1058 2119 1054
f 1058 1054 1053
f 1054 2119 1050
f 1054 1050 1049
f 1050 2119 1046
f 1050 1046 1045
f 1046 2119 1039
f 1046 1039 1038
f 1039 2119 1034
f 1039 1034 1033
f 1034 2119 1027
f 1027 2119 1028
f 2119 1125 1028
f 1125 2119 2315
f 2307 1244 1101
f 1244 2307 2303
f 231 2308 230
f 2308 231 2118
f 2192 241 316
f 241 2192 2121
f 2418 334 2419
f 334 2418 314
f 1128 2421 1129
f 2421 1128 2314
f 2308 2303 2307
f 2303 2308 2302
f 2302 2308 2118
f 2302 2118 2120
f 2193 314 2418
f 314 2193 315
f 2302 1247 1245
f 1247 2302 1023
f 1023 2302 1024
f 1024 2302 2120
f 2419 317 2420
f 317 2419 334
f 2422 1858 1857
f 1858 2422 2423
f 2423 1877 1858
f 1877 2423 2424
f 2425 2426 2427
f 2426 2425 2428
f 2429 1865 1869
f 1865 2429 2430
f 1848 2186 1849
f 2186 1848 2169
f 1871 2431 1872
f 2431 1871 2428
f 1856 2422 1857
f 2422 1856 2176
f 2190 1821 1847
f 1821 2190 2251
f 2432 1876 1875
f 1876 2432 2181
f 2184 2186 2190
f 2186 2184 2183
f 2427 2433 2434
f 2433 2427 2426
f 2433 2426 2435
f 2435 2426 2436
f 2424 1875 1877
f 1875 2424 2432
f 2431 1870 1872
f 1870 2431 2437
f 2181 2177 2182
f 2177 2181 2176
f 2430 1866 1865
f 1866 2430 2425
f 1846 2438 1842
f 2438 1846 2439
f 2188 1846 1845
f 1846 2188 2439
f 2437 2430 2429
f 2430 2437 2425
f 2425 1878 1866
f 1878 2425 2427
f 2196 2188 2187
f 2188 2196 2195
f 2437 2428 2425
f 2428 2437 2431
f 2203 1836 1835
f 1836 2203 2255
f 1883 2428 1871
f 2428 1883 2426
f 2424 2181 2432
f 2181 2424 2423
f 2437 1869 1870
f 1869 2437 2429
f 2438 1841 1842
f 1841 2438 2195
f 2438 2188 2195
f 2188 2438 2439
f 1836 2208 1832
f 2208 1836 2255
f 2423 2176 2181
f 2176 2423 2422
f 1915 2185 1909
f 2185 1915 2175
f 1897 2201 1916
f 2201 1897 2197
f 2201 1895 1916
f 1895 2201 2200
f 2179 1918 1917
f 1918 2179 2172
f 2178 1919 1910
f 1919 2178 2180
f 2180 1917 1919
f 1917 2180 2179
f 2440 2441 2442
f 2441 2440 2443
f 2442 2444 2445
f 2444 2442 2441
f 2444 2441 2446
f 1927 2443 1928
f 2443 1927 2441
f 2174 2443 2440
f 2443 2174 2173
f 2440 1929 1930
f 1929 2440 2442
f 1928 2173 1931
f 2173 1928 2443
f 2174 1930 1932
f 1930 2174 2440
f 1931 2175 1915
f 2175 1931 2173
f 2172 1932 1918
f 1932 2172 2174
f 2447 2448 2449
f 2448 2447 2450
f 2451 2449 2452
f 2449 2451 2447
f 2452 1939 1940
f 1939 2452 2449
f 1939 2449 2448
f 2448 1942 1939
f 1942 2448 2450
f 2453 1942 2450
f 2454 2450 2447
f 2450 2454 2453
f 2451 1940 1944
f 1940 2451 2452
f 1945 2451 1944
f 2451 1945 2447
f 2454 1945 1946
f 1945 2454 2447
f 2455 2456 2457
f 2456 2455 2458
f 2459 2460 2461
f 2460 2459 2462
f 2461 2455 2457
f 2455 2461 2460
f 2463 2464 2465
f 2464 2463 2466
f 2456 2467 2468
f 2467 2456 2458
f 2467 2458 2469
f 2470 2471 2472
f 2471 2470 2473
f 2474 2131 2475
f 2131 2474 2132
f 2476 2477 2478
f 2477 2476 2479
f 2480 2481 2482
f 2481 2480 2483
f 2484 2479 2476
f 2479 2484 2481
f 2479 2481 2485
f 2485 2481 2483
f 2479 2486 2477
f 2486 2479 2485
f 2484 2487 2488
f 2487 2484 2489
f 2490 2491 2492
f 2491 2490 2493
f 2494 2487 2495
f 2487 2494 2488
f 2496 2481 2497
f 2481 2496 2482
f 2498 2499 2500
f 2499 2498 2501
f 2502 2503 2504
f 2503 2502 2505
f 2505 2502 2506
f 2503 2507 2504
f 2507 2503 2508
f 2508 2503 2509
f 2510 2511 2512
f 2511 2510 2513
f 2511 2501 2512
f 2501 2511 2514
f 2514 2511 2515
f 2498 2513 2510
f 2513 2498 2516
f 2513 2516 2517
f 2515 2516 2514
f 2516 2515 2517
f 2518 2519 2520
f 2519 2518 2521
f 2522 2523 2524
f 2523 2522 2525
f 2526 2516 2527
f 2516 2526 2514
f 2509 2528 2508
f 2528 2509 2529
f 2528 2529 2530
f 2531 2506 2502
f 2506 2531 2528
f 2506 2528 2530
f 2433 2027 2026
f 2027 2433 2435
f 2436 1883 2028
f 1883 2436 2426
f 2446 1927 2029
f 1927 2446 2441
f 2191 1847 2030
f 1847 2191 2190
f 2434 2026 2031
f 2026 2434 2433
f 2445 2033 2032
f 2033 2445 2444
f 2184 2034 1902
f 2034 2184 2189
f 2468 2035 2036
f 2035 2468 2467
f 2469 2038 2037
f 2038 2469 2458
f 2189 2030 2034
f 2030 2189 2191
f 2027 2436 2028
f 2436 2027 2435
f 2427 2031 1878
f 2031 2427 2434
f 2442 2032 1929
f 2032 2442 2445
f 2033 2446 2029
f 2446 2033 2444
f 2462 2040 2039
f 2040 2462 2459
f 1942 2454 1946
f 2454 1942 2453
f 2456 2036 2041
f 2036 2456 2468
f 2457 2041 2042
f 2041 2457 2456
f 2035 2469 2037
f 2469 2035 2467
f 2038 2455 2043
f 2455 2038 2458
f 2459 2044 2040
f 2044 2459 2461
f 2461 2042 2044
f 2042 2461 2457
f 2043 2460 2045
f 2460 2043 2455
f 2045 2462 2039
f 2462 2045 2460
f 2532 2133 2130
f 2133 2532 2533
f 2532 2534 2533
f 2534 2532 2535
f 2141 2131 2133
f 2131 2141 2138
f 2132 2139 2130
f 2139 2132 2140
f 2476 2489 2484
f 2489 2476 2478
f 2474 2472 2471
f 2472 2474 2475
f 2472 2131 2470
f 2131 2472 2475
f 2471 2132 2474
f 2132 2471 2473
f 2536 2470 2537
f 2470 2536 2473
f 2473 2140 2132
f 2140 2473 2536
f 2138 2470 2131
f 2470 2138 2537
f 2538 2535 2139
f 2535 2538 2539
f 2535 2540 2534
f 2540 2535 2539
f 2537 2140 2536
f 2140 2537 2138
f 2141 2540 2541
f 2540 2141 2534
f 2541 2139 2141
f 2139 2541 2538
f 2541 2539 2538
f 2539 2541 2540
f 2130 2535 2532
f 2535 2130 2139
f 2534 2133 2533
f 2133 2534 2141
f 2477 2489 2478
f 2489 2477 2482
f 2482 2477 2486
f 2482 2486 2480
f 2480 2485 2483
f 2485 2480 2486
f 2542 2497 2543
f 2497 2542 2496
f 2543 2490 2542
f 2490 2543 2493
f 2496 2490 2487
f 2490 2496 2542
f 2493 2497 2488
f 2497 2493 2543
f 2493 2494 2491
f 2494 2493 2488
f 2494 2492 2491
f 2492 2494 2495
f 2492 2487 2490
f 2487 2492 2495
f 2488 2481 2484
f 2481 2488 2497
f 2482 2487 2489
f 2487 2482 2496
f 2510 2501 2498
f 2501 2510 2512
f 2502 2507 2531
f 2507 2502 2504
f 2515 2513 2517
f 2513 2515 2511
f 2544 2465 2545
f 2465 2544 2463
f 2545 2522 2544
f 2522 2545 2525
f 2525 2465 2521
f 2465 2525 2545
f 2463 2522 2519
f 2522 2463 2544
f 2500 2546 2547
f 2546 2500 2548
f 2548 2500 2499
f 2547 2519 2521
f 2519 2547 2549
f 2549 2547 2546
f 2524 2519 2522
f 2519 2524 2520
f 2518 2524 2523
f 2524 2518 2520
f 2525 2518 2523
f 2518 2525 2521
f 2466 2527 2464
f 2527 2466 2550
f 2527 2550 2526
f 2466 2549 2546
f 2549 2466 2519
f 2519 2466 2463
f 2526 2548 2499
f 2548 2526 2546
f 2546 2526 2550
f 2546 2550 2466
f 2514 2499 2501
f 2499 2514 2526
f 2500 2516 2498
f 2516 2500 2527
f 2547 2527 2500
f 2527 2547 2464
f 2521 2464 2547
f 2464 2521 2465
f 2551 2552 2553
f 2552 2551 2554
f 2555 2553 2556
f 2553 2555 2551
f 2552 2557 2558
f 2557 2552 2559
f 2559 2552 2560
f 2560 2552 2554
f 2561 2559 2562
f 2559 2561 2557
f 2563 2554 2551
f 2554 2563 2560
f 2562 2560 2563
f 2560 2562 2559
f 2562 2564 2561
f 2564 2562 2551
f 2551 2562 2563
f 2553 2565 2556
f 2565 2553 2566
f 2566 2553 2552
f 2566 2552 2558
f 2567 2551 2555
f 2551 2567 2564
f 2555 2565 2567
f 2565 2555 2556
f 2531 2568 2569
f 2568 2531 2507
f 2570 2531 2569
f 2531 2570 2528
f 2509 2505 2529
f 2505 2509 2503
f 2529 2506 2530
f 2506 2529 2505
f 2508 2568 2507
f 2568 2508 2571
f 2571 2528 2570
f 2528 2571 2508
f 2571 2572 2568
f 2572 2571 2573
f 2573 2571 2574
f 2574 2571 2575
f 2576 2577 2578
f 2577 2576 2579
f 2579 2580 2581
f 2580 2579 2576
f 2581 2570 2569
f 2570 2581 2580
f 2569 2573 2581
f 2573 2569 2572
f 2572 2569 2568
f 2574 2570 2580
f 2570 2574 2575
f 2570 2575 2571
f 2581 2577 2579
f 2577 2581 2573
f 2574 2577 2573
f 2577 2574 2578
f 2578 2580 2576
f 2580 2578 2574
f 2557 2566 2558
f 2566 2557 2564
f 2564 2557 2561
f 2564 2565 2566
f 2565 2564 2567
o elm__16
f 1266 2582 1270
f 2582 1266 2583
f 2584 2585 2586
f 2585 2584 2587
f 2583 2588 2582
f 2588 2583 2589
f 2587 768 2585
f 768 2587 770
f 2589 1269 2588
f 1269 2589 1273
f 766 2586 769
f 2586 766 2584
f 1270 2588 1269
f 2588 1270 2582
f 184 1216 1212
f 1216 184 1289
f 1289 184 189
f 190 1209 1203
f 1209 190 194
f 1209 194 1287
f 611 610 617
f 1388 1390 1389
f 1386 1388 1387
f 1384 1386 1385
f 1391 1384 1392
f 1382 1391 1383
f 1380 1382 1381
f 1378 1380 1379
f 1376 1378 1377
f 1299 1376 1375
f 2587 771 770
f 771 2587 774
f 774 2587 772
f 772 2587 773
f 773 2587 474
f 474 2587 475
f 475 2587 1204
f 147 1299 145
f 1299 147 166
f 1299 166 2584
f 2584 166 2587
f 166 147 1567
f 1567 147 1565
f 1565 147 2583
f 2583 147 495
f 495 147 493
f 493 147 566
f 566 147 488
f 488 147 486
f 486 147 561
f 561 147 564
f 564 147 482
f 482 147 480
f 480 147 682
f 682 147 169
f 682 169 678
f 678 169 680
f 680 169 676
f 676 169 674
f 674 169 670
f 670 169 669
f 669 169 664
f 664 169 656
f 656 169 658
f 658 169 657
f 657 169 653
f 653 169 646
f 646 169 639
f 639 169 636
f 636 169 606
f 606 169 599
f 599 169 617
f 617 169 611
f 611 169 616
f 616 176 620
f 176 616 169
f 616 615 611
f 617 597 599
f 599 604 606
f 606 634 636
f 636 637 639
f 639 645 646
f 646 651 653
f 658 655 656
f 656 661 664
f 664 665 669
f 670 677 674
f 1273 1278 1276
f 1278 1273 2589
f 1278 2589 476
f 476 2589 577
f 577 2589 596
f 596 2589 555
f 555 2589 556
f 556 2589 575
f 575 2589 594
f 594 2589 549
f 549 2589 547
f 547 2589 579
f 579 2589 592
f 592 2589 542
f 542 2589 540
f 540 2589 573
f 573 2589 590
f 590 2589 535
f 535 2589 533
f 533 2589 1262
f 1262 2589 1261
f 1261 2589 531
f 531 2589 529
f 529 2589 571
f 571 2589 588
f 588 2589 524
f 524 2589 522
f 522 2589 569
f 569 2589 586
f 586 2589 517
f 517 2589 515
f 515 2589 567
f 567 2589 584
f 584 2589 511
f 511 2589 508
f 508 2589 506
f 506 2589 582
f 582 2589 501
f 501 2589 499
f 499 2589 1255
f 1255 2589 1254
f 1254 2589 498
f 498 2589 495
f 495 2589 2583
f 1268 2583 1266
f 2583 1268 1565
f 476 478 1278
f 174 155 165
f 155 174 42
f 42 174 40
f 1204 190 1203
f 190 1204 2587
f 190 2587 165
f 165 2587 166
f 190 165 155
f 190 155 156
f 1390 766 767
f 766 1390 2584
f 2584 1390 1388
f 2584 1388 1386
f 2584 1386 1384
f 2584 1384 1391
f 2584 1391 1382
f 2584 1382 1380
f 2584 1380 1378
f 2584 1378 1376
f 2584 1376 1299
f 1204 1280 475
f 2586 768 769
f 768 2586 2585
f 323 1292 328
f 1292 323 1202
f 1202 323 1198
f 845 851 844
f 1012 1020 1015
f 1016 1012 1019
f 1186 1016 1142
f 1233 1237 1235
f 826 1233 830
f 1080 826 825
f 819 1080 823
f 1079 819 818
f 812 1079 816
f 1075 812 811
f 2590 1248 1241
f 1248 2590 2306
f 2306 2590 2311
f 805 1075 809
f 1071 805 804
f 1231 1071 1232
f 1067 1231 1066
f 798 1067 802
f 1059 798 797
f 791 1059 795
f 1055 791 790
f 784 1055 788
f 1051 784 783
f 777 1051 781
f 1047 777 776
f 1227 1047 1228
f 1043 1227 1042
f 1227 1043 2591
f 2591 1043 2590
f 1090 1043 1092
f 1224 1090 1089
f 1085 1224 1087
f 1026 1085 1031
f 919 923 921
f 916 919 922
f 919 916 914
f 909 914 910
f 901 909 907
f 903 901 900
f 891 898 897
f 884 891 890
f 881 884 883
f 840 881 879
f 833 840 839
f 851 833 832
f 850 845 849
f 2592 877 872
f 877 2592 1476
f 1476 2592 1475
f 1475 2592 1474
f 1474 2592 1473
f 1473 2592 1472
f 1472 2592 1470
f 1470 2592 1471
f 1471 2592 1478
f 1478 2592 1477
f 1477 2592 1469
f 1469 2592 1468
f 1468 2592 1467
f 1467 2592 1466
f 1466 2592 1465
f 1465 2592 1464
f 1464 2592 1463
f 1463 2592 1462
f 1462 2592 1460
f 1460 2592 1461
f 1461 2592 359
f 359 2592 229
f 359 229 233
f 229 2592 2593
f 229 2593 228
f 233 229 2311
f 233 2311 2590
f 233 2590 1043
f 233 1043 1090
f 233 1090 1224
f 233 1224 1085
f 233 1085 1026
f 233 1026 928
f 233 928 234
f 234 928 925
f 234 925 923
f 234 923 919
f 234 919 914
f 234 914 909
f 234 909 901
f 234 901 903
f 234 903 902
f 234 902 898
f 234 898 891
f 234 891 884
f 234 884 881
f 234 881 840
f 234 840 833
f 234 833 851
f 234 851 845
f 234 845 850
f 257 850 856
f 850 257 234
f 1237 1246 1238
f 1246 1237 2591
f 2591 1237 1233
f 2591 1233 826
f 2591 826 1080
f 2591 1080 819
f 2591 819 1079
f 2591 1079 812
f 2591 812 1075
f 2591 1075 805
f 2591 805 1071
f 2591 1071 1231
f 2591 1231 1067
f 2591 1067 798
f 2591 798 1059
f 2591 1059 791
f 2591 791 1055
f 2591 1055 784
f 2591 784 1051
f 2591 1051 777
f 2591 777 1047
f 2591 1047 1227
f 876 2593 875
f 2593 876 1020
f 2593 1020 1012
f 2593 1012 1016
f 2593 1016 1186
f 323 1186 1198
f 1186 323 2593
f 2593 323 228
f 228 323 195
f 195 323 212
f 195 240 228
f 240 195 197
f 240 197 313
f 874 2592 872
f 2592 874 2594
f 2595 1243 1242
f 1243 2595 2596
f 1197 329 1192
f 329 1197 1296
f 329 1296 333
f 873 2594 874
f 2594 873 2597
f 1243 2590 1241
f 2590 1243 2596
f 2595 1246 2591
f 1246 2595 1242
f 2597 875 2593
f 875 2597 873
f 2597 2592 2594
f 2592 2597 2593
f 2595 2590 2596
f 2590 2595 2591
o elm__17
f 2598 2599 2600
f 2599 2598 2601
f 2600 2602 2598
f 2602 2600 2603
f 2602 2603 2604
f 2600 2605 2603
f 2605 2600 2599
f 2606 2607 2601
f 2607 2606 2608
f 2607 2608 2609
f 2610 2609 2608
f 2609 2610 2611
f 2610 2606 2612
f 2606 2610 2608
f 2612 2601 2598
f 2601 2612 2606
f 2602 2612 2598
f 2612 2602 2610
f 2610 2602 2611
f 2607 2599 2601
f 2599 2607 2605
f 2605 2607 2613
f 2604 2605 2613
f 2605 2604 2603
o elm__18
f 1281 1283 1279
f 1283 1281 1284
f 1284 1281 1282
f 1282 1281 1210
f 1210 1281 1217
f 1210 1217 1211
f 170 62 44
f 62 170 160
f 60 158 59
f 158 60 157
f 1217 57 1211
f 57 1217 44
f 57 44 62
f 57 62 59
f 57 59 158
f 1218 1223 1221
f 1223 1218 1222
f 1223 1222 1219
f 1223 1219 1189
f 1223 1189 1187
f 1187 1189 1191
f 218 1187 1191
f 1187 218 235
f 235 218 220
f 220 218 308
f 308 218 214
f 214 306 308
f 306 214 213
f 220 237 235
f 237 220 219
o elm__20
f 2614 2615 2616
f 2615 2614 2617
f 2615 2617 2618
f 2619 2613 2607
f 2613 2619 2620
f 2620 2619 2621
f 2622 2623 2609
f 2623 2622 2624
f 2615 2622 2616
f 2622 2615 2624
f 2624 2615 2625
f 2618 2625 2615
f 2619 2618 2621
f 2618 2619 2615
f 2620 2614 2613
f 2614 2620 2617
f 2609 2619 2607
f 2619 2609 2623
f 2619 2623 2626
f 2623 2625 2626
f 2625 2623 2624
f 2621 2617 2620
f 2617 2621 2618
f 2626 2615 2619
f 2615 2626 2625
f 2614 2607 2613
f 2614 2616 2607
f 2616 2609 2607
f 2616 2622 2609
